<?xml version="1.0" encoding="UTF-8"?>

<CHAT xmlns:xsi="http://www.w3.org/2001/XMLSchema-instance"
      xmlns="http://www.talkbank.org/ns/talkbank"
      xsi:schemaLocation="http://www.talkbank.org/ns/talkbank http://talkbank.org/software/talkbank.xsd"
      PID="11312/c-00004942-1"
      Version="2.1.0"
      Lang="eng"
      Corpus="Conti4"
      Date="2002-10-02">
  <Participants>
    <participant
      id="INV"
    name="Dee"
      role="Investigator"
      language="eng"

    />
    <participant
      id="CHI"
      role="Target_Child"
      language="eng"
      age="P13Y10M10D"

    />
  </Participants>
  <comment type="Date">02-OCT-2002</comment>
  <comment type="Transcriber">Dee</comment>
  <comment type="Situation">Participants were in a quiet room at school. Question asked: who is the most annoying person you know and give reasons?</comment>
  <u who="INV" uID="u0">
    <w type="fragment" untranscribed="untranscribed">www</w>
    <t type="p"></t>

    <a type="explanation">child and investigator talk briefly before narrative begins .</a>
  </u>
  <u who="CHI" uID="u1">
    <w type="fragment">er</w>
    <w>he<mor type="mor"><mw><pos><c>pro</c><s>sub</s></pos><stem>he</stem></mw></mor></w>
    <w>always<mor type="mor"><mw><pos><c>adv</c></pos><stem>always</stem></mw></mor></w>
    <w>has_to<mor type="mor"><mw><pos><c>mod</c><s>aux</s></pos><stem>has_to</stem></mw></mor></w>
    <w>argue<mor type="mor"><mw><pos><c>v</c></pos><stem>argue</stem></mw></mor></w>
    <w>with<mor type="mor"><mw><pos><c>prep</c></pos><stem>with</stem></mw></mor></w>
    <w>me<mor type="mor"><mw><pos><c>pro</c><s>obj</s></pos><stem>me</stem></mw></mor></w>
    <t type="p"><mor type="mor"><mt type="p"/></mor></t>

  </u>
  <u who="CHI" uID="u2">
    <w>he<mor type="mor"><mw><pos><c>pro</c><s>sub</s></pos><stem>he</stem></mw></mor></w>
    <w>never<mor type="mor"><mw><pos><c>adv</c></pos><stem>never</stem></mw></mor></w>
    <w>has<mor type="mor"><mw><pos><c>v</c></pos><stem>have</stem><mk type="sfxf">3S</mk></mw></mor></w>
    <w>the<mor type="mor"><mw><pos><c>art</c></pos><stem>the</stem></mw></mor></w>
    <w>same<mor type="mor"><mw><pos><c>adj</c></pos><stem>same</stem></mw></mor></w>
    <w>point<mor type="mor"><mw><pos><c>n</c></pos><stem>point</stem></mw></mor></w>
    <w>of<mor type="mor"><mw><pos><c>prep</c></pos><stem>of</stem></mw></mor></w>
    <w>view<mor type="mor"><mw><pos><c>n</c></pos><stem>view</stem></mw></mor></w>
    <w>as<mor type="mor"><mw><pos><c>prep</c></pos><stem>as</stem></mw></mor></w>
    <w>me<mor type="mor"><mw><pos><c>pro</c><s>obj</s></pos><stem>me</stem></mw></mor></w>
    <t type="p"><mor type="mor"><mt type="p"/></mor></t>

  </u>
  <u who="CHI" uID="u3">
    <g><w>he</w>
    <w type="fragment">um</w><k type="false start"/></g>
    <w>he<mor type="mor"><mw><pos><c>pro</c><s>sub</s></pos><stem>he</stem></mw></mor></w>
    <w>just<mor type="mor"><mw><pos><c>adv</c></pos><stem>just</stem></mw></mor></w>
    <w>can't<mor type="mor"><mw><pos><c>mod</c></pos><stem>can</stem></mw><mor-post><mw><pos><c>neg</c></pos><stem>not</stem></mw></mor-post></mor></w>
    <w>let<mor type="mor"><mw><pos><c>v</c></pos><stem>let</stem><mk type="sfxf">ZERO</mk></mw></mor></w>
    <w>the<mor type="mor"><mw><pos><c>art</c></pos><stem>the</stem></mw></mor></w>
    <w>little<mor type="mor"><mw><pos><c>adj</c></pos><stem>little</stem></mw></mor></w>
    <w>things<mor type="mor"><mw><pos><c>n</c></pos><stem>thing</stem><mk type="sfx">PL</mk></mw></mor></w>
    <w>go<mor type="mor"><mw><pos><c>v</c></pos><stem>go</stem></mw></mor></w>
    <t type="p"><mor type="mor"><mt type="p"/></mor></t>

  </u>
  <u who="CHI" uID="u4">
    <w>he<mor type="mor"><mw><pos><c>pro</c><s>sub</s></pos><stem>he</stem></mw></mor></w>
    <w>always<mor type="mor"><mw><pos><c>adv</c></pos><stem>always</stem></mw></mor></w>
    <w>has_to<mor type="mor"><mw><pos><c>mod</c><s>aux</s></pos><stem>has_to</stem></mw></mor></w>
    <w>you<mor type="mor"><mw><pos><c>pro</c></pos><stem>you</stem></mw></mor></w>
    <w>know<mor type="mor"><mw><pos><c>v</c></pos><stem>know</stem></mw></mor></w>
    <t type="trail off"><mor type="mor"><mt type="trail off"/></mor></t>

  </u>
  <u who="INV" uID="u5">
    <w>yeah<mor type="mor"><mw><pos><c>co</c></pos><stem>yeah</stem></mw></mor></w>
    <t type="p"><mor type="mor"><mt type="p"/></mor></t>

  </u>
  <u who="CHI" uID="u6">
    <w type="fragment">um</w>
    <w>he<mor type="mor"><mw><pos><c>pro</c><s>sub</s></pos><stem>he</stem></mw></mor></w>
    <w>always<mor type="mor"><mw><pos><c>adv</c></pos><stem>always</stem></mw></mor></w>
    <w>uses<mor type="mor"><mw><pos><c>v</c></pos><stem>use</stem><mk type="sfx">3S</mk></mw></mor></w>
    <w>the<mor type="mor"><mw><pos><c>art</c></pos><stem>the</stem></mw></mor></w>
    <w>wrong<mor type="mor"><mw><pos><c>adj</c></pos><stem>wrong</stem></mw></mor></w>
    <w>words<mor type="mor"><mw><pos><c>n</c></pos><stem>word</stem><mk type="sfx">PL</mk></mw></mor></w>
    <t type="p"><mor type="mor"><mt type="p"/></mor></t>

  </u>
  <u who="CHI" uID="u7">
    <w>he<mor type="mor"><mw><pos><c>pro</c><s>sub</s></pos><stem>he</stem></mw></mor></w>
    <w>always<mor type="mor"><mw><pos><c>adv</c></pos><stem>always</stem></mw></mor></w>
    <w>embarrasses<mor type="mor"><mw><pos><c>v</c></pos><stem>embarrass</stem><mk type="sfx">3S</mk></mw></mor></w>
    <w>me<mor type="mor"><mw><pos><c>pro</c><s>obj</s></pos><stem>me</stem></mw></mor></w>
    <t type="p"><mor type="mor"><mt type="p"/></mor></t>

  </u>
  <u who="INV" uID="u8">
    <w>uhhuh<mor type="mor"><mw><pos><c>co</c></pos><stem>uhhuh</stem></mw></mor></w>
    <t type="p"><mor type="mor"><mt type="p"/></mor></t>

  </u>
  <u who="CHI" uID="u9">
    <w type="fragment">um</w>
    <w>he<mor type="mor"><mw><pos><c>pro</c><s>sub</s></pos><stem>he</stem></mw></mor></w>
    <w>says<mor type="mor"><mw><pos><c>v</c></pos><stem>say</stem><mk type="sfx">3S</mk></mw></mor></w>
    <w>that<mor type="mor"><mw><pos><c>rel</c></pos><stem>that</stem></mw></mor></w>
    <w>I<mor type="mor"><mw><pos><c>pro</c><s>sub</s></pos><stem>I</stem></mw></mor></w>
    <w>embarrass<mor type="mor"><mw><pos><c>v</c></pos><stem>embarrass</stem></mw></mor></w>
    <w>him<mor type="mor"><mw><pos><c>pro</c><s>obj</s></pos><stem>him</stem></mw></mor></w>
    <t type="e"><mor type="mor"><mt type="e"/></mor></t>

  </u>
  <u who="CHI" uID="u10">
    <g><w>I</w>
    <w type="fragment">um</w><k type="false start"/></g>
    <g><w>he</w><k type="retracing"/></g>
    <w>he<mor type="mor"><mw><pos><c>pro</c><s>sub</s></pos><stem>he</stem></mw></mor></w>
    <w>goes<mor type="mor"><mw><pos><c>v</c></pos><stem>go</stem><mk type="sfx">3S</mk></mw></mor></w>
    <w>on<mor type="mor"><mw><pos><c>adv</c></pos><stem>on</stem></mw></mor></w>
    <w>about<mor type="mor"><mw><pos><c>prep</c></pos><stem>about</stem></mw></mor></w>
    <w>stuff<mor type="mor"><mw><pos><c>n</c></pos><stem>stuff</stem></mw></mor></w>
    <w>that<mor type="mor"><mw><pos><c>rel</c></pos><stem>that</stem></mw></mor></w>
    <w>I<mor type="mor"><mw><pos><c>pro</c><s>sub</s></pos><stem>I</stem></mw></mor></w>
    <w>don't<mor type="mor"><mw><pos><c>mod</c></pos><stem>do</stem></mw><mor-post><mw><pos><c>neg</c></pos><stem>not</stem></mw></mor-post></mor></w>
    <w>find<mor type="mor"><mw><pos><c>v</c></pos><stem>find</stem></mw></mor></w>
    <w>particularly<mor type="mor"><mw><pos><c>adv</c></pos><stem>particular</stem><mk type="sfxf">dadj</mk><mk type="sfx">LY</mk></mw></mor></w>
    <w>interesting<mor type="mor"><mw><pos><c>part</c></pos><stem>interest</stem><mk type="sfx">PRESP</mk></mw></mor></w>
    <t type="p"><mor type="mor"><mt type="p"/></mor></t>

  </u>
  <u who="INV" uID="u11">
    <w>uhhuh<mor type="mor"><mw><pos><c>co</c></pos><stem>uhhuh</stem></mw></mor></w>
    <t type="p"><mor type="mor"><mt type="p"/></mor></t>

  </u>
  <u who="CHI" uID="u12">
    <w type="fragment">um</w>
    <g><w>he</w><k type="retracing"/></g>
    <w>he<mor type="mor"><mw><pos><c>pro</c><s>sub</s></pos><stem>he</stem></mw></mor></w>
    <w>always<mor type="mor"><mw><pos><c>adv</c></pos><stem>always</stem></mw></mor></w>
    <w>has_to<mor type="mor"><mw><pos><c>mod</c><s>aux</s></pos><stem>has_to</stem></mw></mor></w>
    <w>have<mor type="mor"><mw><pos><c>v</c></pos><stem>have</stem></mw></mor></w>
    <w>his<mor type="mor"><mw><pos><c>pro</c><s>poss</s><s>det</s></pos><stem>his</stem></mw></mor></w>
    <w>way<mor type="mor"><mw><pos><c>n</c></pos><stem>way</stem></mw></mor></w>
    <t type="p"><mor type="mor"><mt type="p"/></mor></t>

  </u>
  <u who="CHI" uID="u13">
    <w>and<mor type="mor"><mw><pos><c>coord</c></pos><stem>and</stem></mw></mor></w>
    <w>if<mor type="mor"><mw><pos><c>conj</c></pos><stem>if</stem></mw></mor></w>
    <w>he<mor type="mor"><mw><pos><c>pro</c><s>sub</s></pos><stem>he</stem></mw></mor></w>
    <w>doesn't<mor type="mor"><mw><pos><c>mod</c></pos><stem>do</stem><mk type="sfxf">3S</mk></mw><mor-post><mw><pos><c>neg</c></pos><stem>not</stem></mw></mor-post></mor></w>
    <w>he<mor type="mor"><mw><pos><c>pro</c><s>sub</s></pos><stem>he</stem></mw></mor></w>
    <w>makes<mor type="mor"><mw><pos><c>v</c></pos><stem>make</stem><mk type="sfx">3S</mk></mw></mor></w>
    <w>a<mor type="mor"><mw><pos><c>art</c></pos><stem>a</stem></mw></mor></w>
    <w>fuss<mor type="mor"><mw><pos><c>n</c></pos><stem>fuss</stem></mw></mor></w>
    <w>about<mor type="mor"><mw><pos><c>prep</c></pos><stem>about</stem></mw></mor></w>
    <w>it<mor type="mor"><mw><pos><c>pro</c></pos><stem>it</stem></mw></mor></w>
    <t type="p"><mor type="mor"><mt type="p"/></mor></t>

  </u>
  <u who="INV" uID="u14">
    <w>uhhuh<mor type="mor"><mw><pos><c>co</c></pos><stem>uhhuh</stem></mw></mor></w>
    <t type="p"><mor type="mor"><mt type="p"/></mor></t>

  </u>
  <u who="CHI" uID="u15">
    <g><w>he</w>
    <w type="fragment">um</w><k type="false start"/></g>
    <g><w>he</w>
    <w>kind<wk type="cmp"/>of</w><k type="retracing with correction"/></g>
    <w type="fragment">um</w>
    <w>he<mor type="mor"><mw><pos><c>pro</c><s>sub</s></pos><stem>he</stem></mw></mor></w>
    <w>never<mor type="mor"><mw><pos><c>adv</c></pos><stem>never</stem></mw></mor></w>
    <w>does<mor type="mor"><mw><pos><c>mod</c></pos><stem>do</stem><mk type="sfxf">3S</mk></mw></mor></w>
    <w>what<mor type="mor"><mw><pos><c>pro</c><s>wh</s></pos><stem>what</stem></mw></mor></w>
    <g><w>he's</w><k type="retracing"/></g>
    <w>he's<mor type="mor"><mw><pos><c>pro</c><s>sub</s></pos><stem>he</stem></mw><mor-post><mw><pos><c>aux</c></pos><stem>be</stem><mk type="sfxf">3S</mk></mw></mor-post></mor></w>
    <w>told<mor type="mor"><mw><pos><c>part</c></pos><stem>tell</stem><mk type="sfxf">PASTP</mk></mw></mor></w>
    <t type="p"><mor type="mor"><mt type="p"/></mor></t>

  </u>
  <u who="CHI" uID="u16">
    <w>but<mor type="mor"><mw><pos><c>conj</c></pos><stem>but</stem></mw></mor></w>
    <w>he<mor type="mor"><mw><pos><c>pro</c><s>sub</s></pos><stem>he</stem></mw></mor></w>
    <w>always<mor type="mor"><mw><pos><c>adv</c></pos><stem>always</stem></mw></mor></w>
    <w>gets<mor type="mor"><mw><pos><c>v</c></pos><stem>get</stem><mk type="sfx">3S</mk></mw></mor></w>
    <w>away<mor type="mor"><mw><pos><c>adv</c></pos><stem>away</stem></mw></mor></w>
    <w>with<mor type="mor"><mw><pos><c>prep</c></pos><stem>with</stem></mw></mor></w>
    <w>it<mor type="mor"><mw><pos><c>pro</c></pos><stem>it</stem></mw></mor></w>
    <t type="p"><mor type="mor"><mt type="p"/></mor></t>

  </u>
  <u who="CHI" uID="u17">
    <w>and<mor type="mor"><mw><pos><c>coord</c></pos><stem>and</stem></mw></mor></w>
    <w>that<mor type="mor"><mw><pos><c>rel</c></pos><stem>that</stem></mw></mor></w>
    <w>really<mor type="mor"><mw><pos><c>adv</c></pos><stem>real</stem><mk type="sfxf">dadj</mk><mk type="sfx">LY</mk></mw></mor></w>
    <w>annoys<mor type="mor"><mw><pos><c>v</c></pos><stem>annoy</stem><mk type="sfx">3S</mk></mw></mor></w>
    <w>me<mor type="mor"><mw><pos><c>pro</c><s>obj</s></pos><stem>me</stem></mw></mor></w>
    <t type="p"><mor type="mor"><mt type="p"/></mor></t>

  </u>
  <u who="CHI" uID="u18">
    <w>and<mor type="mor"><mw><pos><c>coord</c></pos><stem>and</stem></mw></mor></w>
    <w>that<mor type="mor"><mw><pos><c>rel</c></pos><stem>that</stem></mw></mor></w>
    <w>probably<mor type="mor"><mw><pos><c>adv</c></pos><stem>probable</stem><mk type="sfxf">dadj</mk><mk type="sfx">LY</mk></mw></mor></w>
    <w>about<mor type="mor"><mw><pos><c>prep</c></pos><stem>about</stem></mw></mor></w>
    <w>it<mor type="mor"><mw><pos><c>pro</c></pos><stem>it</stem></mw></mor></w>
    <t type="e"><mor type="mor"><mt type="e"/></mor></t>

  </u>
  <u who="INV" uID="u19">
    <w type="fragment" untranscribed="untranscribed">www</w>
    <t type="p"></t>

    <a type="explanation">investigator talks as disc is turned off .</a>
  </u>
</CHAT>