<?xml version="1.0" encoding="UTF-8"?>

<CHAT xmlns:xsi="http://www.w3.org/2001/XMLSchema-instance"
      xmlns="http://www.talkbank.org/ns/talkbank"
      xsi:schemaLocation="http://www.talkbank.org/ns/talkbank http://talkbank.org/software/talkbank.xsd"
      PID="11312/c-00004923-1"
      Version="2.1.0"
      Lang="eng"
      Corpus="Conti4"
      Date="2001-07-12">
  <Participants>
    <participant
      id="INV"
    name="Dee"
      role="Investigator"
      language="eng"

    />
    <participant
      id="CHI"
      role="Target_Child"
      language="eng"
      age="P15Y6M10D"

    />
  </Participants>
  <comment type="Date">12-JUL-2001</comment>
  <comment type="Transcriber">Dee</comment>
  <comment type="Situation">Participants were in a quiet room at school. Question asked: who is the most annoying person you know and give reasons?</comment>
  <u who="INV" uID="u0">
    <w type="fragment" untranscribed="untranscribed">www</w>
    <t type="p"></t>

    <a type="explanation">child and investigator talk briefly before narrative begins .</a>
  </u>
  <u who="CHI" uID="u1">
    <g><w>okay</w><k type="false start"/></g>
    <w>there<mor type="mor"><mw><pos><c>pro</c><s>exist</s></pos><stem>there</stem></mw></mor></w>
    <w>is<mor type="mor"><mw><pos><c>cop</c></pos><stem>be</stem><mk type="sfxf">3S</mk></mw></mor></w>
    <w>someone<mor type="mor"><mw><pos><c>pro</c><s>indef</s></pos><stem>someone</stem></mw></mor></w>
    <g><w>in</w>
    <w>my</w><k type="false start"/></g>
    <w>not<mor type="mor"><mw><pos><c>neg</c></pos><stem>not</stem></mw></mor></w>
    <w>in<mor type="mor"><mw><pos><c>prep</c></pos><stem>in</stem></mw></mor></w>
    <w>my<mor type="mor"><mw><pos><c>pro</c><s>poss</s><s>det</s></pos><stem>my</stem></mw></mor></w>
    <w>class<mor type="mor"><mw><pos><c>n</c></pos><stem>class</stem></mw></mor></w>
    <w>now<mor type="mor"><mw><pos><c>adv</c></pos><stem>now</stem></mw></mor></w>
    <w>but<mor type="mor"><mw><pos><c>conj</c></pos><stem>but</stem></mw></mor></w>
    <w>in<mor type="mor"><mw><pos><c>prep</c></pos><stem>in</stem></mw></mor></w>
    <w>my<mor type="mor"><mw><pos><c>pro</c><s>poss</s><s>det</s></pos><stem>my</stem></mw></mor></w>
    <w>last<mor type="mor"><mw><pos><c>adj</c></pos><stem>last</stem></mw></mor></w>
    <w>class<mor type="mor"><mw><pos><c>n</c></pos><stem>class</stem></mw></mor></w>
    <t type="p"><mor type="mor"><mt type="p"/></mor></t>

  </u>
  <u who="CHI" uID="u2">
    <w>and<mor type="mor"><mw><pos><c>coord</c></pos><stem>and</stem></mw></mor></w>
    <w>they<mor type="mor"><mw><pos><c>pro</c><s>sub</s></pos><stem>they</stem></mw></mor></w>
    <w>were<mor type="mor"><mw><pos><c>cop</c></pos><stem>be</stem><mk type="sfxf">PAST</mk></mw></mor></w>
    <w>really<mor type="mor"><mw><pos><c>adv</c></pos><stem>real</stem><mk type="sfxf">dadj</mk><mk type="sfx">LY</mk></mw></mor></w>
    <w>annoying<mor type="mor"><mw><pos><c>part</c></pos><stem>annoy</stem><mk type="sfx">PRESP</mk></mw></mor></w>
    <w>because<mor type="mor"><mw><pos><c>conj</c></pos><stem>because</stem></mw></mor></w>
    <w>they<mor type="mor"><mw><pos><c>pro</c><s>sub</s></pos><stem>they</stem></mw></mor></w>
    <w>always<mor type="mor"><mw><pos><c>adv</c></pos><stem>always</stem></mw></mor></w>
    <w>used<mor type="mor"><mw><pos><c>v</c></pos><stem>use</stem><mk type="sfx">PAST</mk></mw></mor></w>
    <w>to<mor type="mor"><mw><pos><c>inf</c></pos><stem>to</stem></mw></mor></w>
    <w>shout<mor type="mor"><mw><pos><c>v</c></pos><stem>shout</stem></mw></mor></w>
    <w>out<mor type="mor"><mw><pos><c>adv</c></pos><stem>out</stem></mw></mor></w>
    <w>in<mor type="mor"><mw><pos><c>prep</c></pos><stem>in</stem></mw></mor></w>
    <w>class<mor type="mor"><mw><pos><c>n</c></pos><stem>class</stem></mw></mor></w>
    <w>and<mor type="mor"><mw><pos><c>coord</c></pos><stem>and</stem></mw></mor></w>
    <w>disrupt<mor type="mor"><mw><pos><c>v</c></pos><stem>disrupt</stem></mw></mor></w>
    <w>it<mor type="mor"><mw><pos><c>pro</c></pos><stem>it</stem></mw></mor></w>
    <t type="p"><mor type="mor"><mt type="p"/></mor></t>

  </u>
  <u who="CHI" uID="u3">
    <w>and<mor type="mor"><mw><pos><c>coord</c></pos><stem>and</stem></mw></mor></w>
    <e><action/><error/></e>
    <w>made<mor type="mor"><mw><pos><c>v</c></pos><stem>make</stem><mk type="sfxf">PAST</mk></mw></mor></w>
    <w>it<mor type="mor"><mw><pos><c>pro</c></pos><stem>it</stem></mw></mor></w>
    <w>really<mor type="mor"><mw><pos><c>adv</c></pos><stem>real</stem><mk type="sfxf">dadj</mk><mk type="sfx">LY</mk></mw></mor></w>
    <w>hard<mor type="mor"><mw><pos><c>adv</c></pos><stem>hard</stem></mw></mor></w>
    <w>to<mor type="mor"><mw><pos><c>prep</c></pos><stem>to</stem></mw></mor></w>
    <w>concentrate<mor type="mor"><mw><pos><c>n</c></pos><stem>concentrate</stem></mw></mor></w>
    <w type="fragment">um</w>
    <w>when<mor type="mor"><mw><pos><c>conj</c></pos><stem>when</stem></mw></mor></w>
    <w>you<mor type="mor"><mw><pos><c>pro</c></pos><stem>you</stem></mw></mor></w>
    <w>were<mor type="mor"><mw><pos><c>aux</c></pos><stem>be</stem><mk type="sfxf">PAST</mk></mw></mor></w>
    <w>trying<mor type="mor"><mw><pos><c>part</c></pos><stem>try</stem><mk type="sfx">PRESP</mk></mw></mor></w>
    <w>to<mor type="mor"><mw><pos><c>inf</c></pos><stem>to</stem></mw></mor></w>
    <w>work<mor type="mor"><mw><pos><c>v</c></pos><stem>work</stem></mw></mor></w>
    <t type="p"><mor type="mor"><mt type="p"/></mor></t>

    <a type="errcoding">0 = subject</a>
  </u>
  <u who="CHI" uID="u4">
    <w>and<mor type="mor"><mw><pos><c>coord</c></pos><stem>and</stem></mw></mor></w>
    <w>the<mor type="mor"><mw><pos><c>art</c></pos><stem>the</stem></mw></mor></w>
    <w>annoying<mor type="mor"><mw><pos><c>part</c></pos><stem>annoy</stem><mk type="sfx">PRESP</mk></mw></mor></w>
    <w>thing<mor type="mor"><mw><pos><c>n</c></pos><stem>thing</stem></mw></mor></w>
    <w>was<mor type="mor"><mw><pos><c>cop</c></pos><stem>be</stem><mk type="sfxf">PAST</mk><mk type="sfxf">13S</mk></mw></mor></w>
    <w type="fragment">um</w>
    <w>even<mor type="mor"><mw><pos><c>adv</c></pos><stem>even</stem></mw></mor></w>
    <w>if<mor type="mor"><mw><pos><c>conj</c></pos><stem>if</stem></mw></mor></w>
    <w>you<mor type="mor"><mw><pos><c>pro</c></pos><stem>you</stem></mw></mor></w>
    <w>asked<mor type="mor"><mw><pos><c>v</c></pos><stem>ask</stem><mk type="sfx">PAST</mk></mw></mor></w>
    <w>them<mor type="mor"><mw><pos><c>pro</c><s>obj</s></pos><stem>them</stem></mw></mor></w>
    <w>to<mor type="mor"><mw><pos><c>inf</c></pos><stem>to</stem></mw></mor></w>
    <w>be<mor type="mor"><mw><pos><c>cop</c></pos><stem>be</stem></mw></mor></w>
    <w>quiet<mor type="mor"><mw><pos><c>n</c></pos><stem>quiet</stem></mw></mor></w>
    <w>they<mor type="mor"><mw><pos><c>pro</c><s>sub</s></pos><stem>they</stem></mw></mor></w>
    <w>just<mor type="mor"><mw><pos><c>adv</c></pos><stem>just</stem></mw></mor></w>
    <w>ignored<mor type="mor"><mw><pos><c>v</c></pos><stem>ignore</stem><mk type="sfx">PAST</mk></mw></mor></w>
    <w>you<mor type="mor"><mw><pos><c>pro</c></pos><stem>you</stem></mw></mor></w>
    <t type="p"><mor type="mor"><mt type="p"/></mor></t>

  </u>
  <u who="CHI" uID="u5">
    <w>and<mor type="mor"><mw><pos><c>coord</c></pos><stem>and</stem></mw></mor></w>
    <w>they<mor type="mor"><mw><pos><c>pro</c><s>sub</s></pos><stem>they</stem></mw></mor></w>
    <w>would<mor type="mor"><mw><pos><c>mod</c></pos><stem>will</stem><mk type="sfxf">COND</mk></mw></mor></w>
    <w>be<mor type="mor"><mw><pos><c>cop</c></pos><stem>be</stem></mw></mor></w>
    <w>even<mor type="mor"><mw><pos><c>adv</c></pos><stem>even</stem></mw></mor></w>
    <w>louder<mor type="mor"><mw><pos><c>adj</c></pos><stem>loud</stem><mk type="sfx">CP</mk></mw></mor></w>
    <t type="p"><mor type="mor"><mt type="p"/></mor></t>

  </u>
  <u who="CHI" uID="u6">
    <w>and<mor type="mor"><mw><pos><c>coord</c></pos><stem>and</stem></mw></mor></w>
    <w>so<mor type="mor"><mw><pos><c>co</c></pos><stem>so</stem></mw></mor></w>
    <w>the<mor type="mor"><mw><pos><c>art</c></pos><stem>the</stem></mw></mor></w>
    <w>teachers<mor type="mor"><mw><pos><c>n</c></pos><stem>teach</stem><mk type="sfxf">dv</mk><mk type="sfx">AGT</mk><mk type="sfx">PL</mk></mw></mor></w>
    <w>weren't<mor type="mor"><mw><pos><c>aux</c></pos><stem>be</stem><mk type="sfxf">PAST</mk></mw><mor-post><mw><pos><c>neg</c></pos><stem>not</stem></mw></mor-post></mor></w>
    <w>very<mor type="mor"><mw><pos><c>adv</c></pos><stem>very</stem></mw></mor></w>
    <w>good<mor type="mor"><mw><pos><c>adj</c></pos><stem>good</stem></mw></mor></w>
    <w>at<mor type="mor"><mw><pos><c>prep</c></pos><stem>at</stem></mw></mor></w>
    <w>controlling<mor type="mor"><mw><pos><c>n</c><s>gerund</s></pos><stem>control</stem><mk type="sfx">PRESP</mk></mw></mor></w>
    <w>them<mor type="mor"><mw><pos><c>pro</c><s>obj</s></pos><stem>them</stem></mw></mor></w>
    <t type="p"><mor type="mor"><mt type="p"/></mor></t>

  </u>
  <u who="CHI" uID="u7">
    <w>so<mor type="mor"><mw><pos><c>co</c></pos><stem>so</stem></mw></mor></w>
    <w>you<mor type="mor"><mw><pos><c>pro</c></pos><stem>you</stem></mw></mor></w>
    <w>didn't<mor type="mor"><mw><pos><c>mod</c></pos><stem>do</stem><mk type="sfxf">PAST</mk></mw><mor-post><mw><pos><c>neg</c></pos><stem>not</stem></mw></mor-post></mor></w>
    <w>get<mor type="mor"><mw><pos><c>v</c></pos><stem>get</stem></mw></mor></w>
    <w>very<mor type="mor"><mw><pos><c>adv</c></pos><stem>very</stem></mw></mor></w>
    <w>much<mor type="mor"><mw><pos><c>qn</c></pos><stem>much</stem></mw></mor></w>
    <w>work<mor type="mor"><mw><pos><c>n</c></pos><stem>work</stem></mw></mor></w>
    <w>done<mor type="mor"><mw><pos><c>part</c></pos><stem>do</stem><mk type="sfxf">PASTP</mk></mw></mor></w>
    <t type="p"><mor type="mor"><mt type="p"/></mor></t>

  </u>
  <u who="CHI" uID="u8">
    <w>it's<mor type="mor"><mw><pos><c>pro</c></pos><stem>it</stem></mw><mor-post><mw><pos><c>cop</c></pos><stem>be</stem><mk type="sfxf">3S</mk></mw></mor-post></mor></w>
    <w>not<mor type="mor"><mw><pos><c>neg</c></pos><stem>not</stem></mw></mor></w>
    <w>as<mor type="mor"><mw><pos><c>prep</c></pos><stem>as</stem></mw></mor></w>
    <w>bad<mor type="mor"><mw><pos><c>adj</c></pos><stem>bad</stem></mw></mor></w>
    <w>at<mor type="mor"><mw><pos><c>prep</c></pos><stem>at</stem></mw></mor></w>
    <w>this<mor type="mor"><mw><pos><c>det</c></pos><stem>this</stem></mw></mor></w>
    <w>school<mor type="mor"><mw><pos><c>n</c></pos><stem>school</stem></mw></mor></w>
    <w>so<mor type="mor"><mw><pos><c>adv</c></pos><stem>so</stem></mw></mor></w>
    <w>it's<mor type="mor"><mw><pos><c>pro</c></pos><stem>it</stem></mw><mor-post><mw><pos><c>cop</c></pos><stem>be</stem><mk type="sfxf">3S</mk></mw></mor-post></mor></w>
    <w>all<mor type="mor"><mw><pos><c>adv</c></pos><stem>all</stem></mw></mor></w>
    <w>right<mor type="mor"><mw><pos><c>n</c></pos><stem>right</stem></mw></mor></w>
    <t type="p"><mor type="mor"><mt type="p"/></mor></t>

  </u>
  <u who="INV" uID="u9">
    <w type="fragment" untranscribed="untranscribed">www</w>
    <t type="p"></t>

    <a type="explanation">investigator talks as disc is turned off .</a>
  </u>
</CHAT>