<?xml version="1.0" encoding="UTF-8"?>

<CHAT xmlns:xsi="http://www.w3.org/2001/XMLSchema-instance"
      xmlns="http://www.talkbank.org/ns/talkbank"
      xsi:schemaLocation="http://www.talkbank.org/ns/talkbank http://talkbank.org/software/talkbank.xsd"
      PID="11312/c-00004925-1"
      Version="2.1.0"
      Lang="eng"
      Corpus="Conti4"
      Date="2001-07-16">
  <Participants>
    <participant
      id="INV"
    name="Dee"
      role="Investigator"
      language="eng"

    />
    <participant
      id="CHI"
      role="Target_Child"
      language="eng"
      age="P14Y7M29D"

    />
  </Participants>
  <comment type="Date">16-JUL-2001</comment>
  <comment type="Transcriber">Dee</comment>
  <comment type="Situation">Participants were in a quiet room at school. Question asked: who is the most annoying person you know and give reasons?</comment>
  <u who="INV" uID="u0">
    <w type="fragment" untranscribed="untranscribed">www</w>
    <t type="p"></t>

    <a type="explanation">child and investigator talk briefly before narrative begins .</a>
  </u>
  <u who="CHI" uID="u1">
    <w>okay<mor type="mor"><mw><pos><c>co</c></pos><stem>okay</stem></mw></mor></w>
    <g><w>they</w>
    <w type="fragment">um</w><k type="false start"/></g>
    <g><w>they</w>
    <w>really</w><k type="false start"/></g>
    <w>they<mor type="mor"><mw><pos><c>pro</c><s>sub</s></pos><stem>they</stem></mw></mor></w>
    <g><w type="fragment">um</w>
    <w>annoy</w><k type="false start"/></g>
    <w>disrupt<mor type="mor"><mw><pos><c>v</c></pos><stem>disrupt</stem></mw></mor></w>
    <w>you<mor type="mor"><mw><pos><c>pro</c></pos><stem>you</stem></mw></mor></w>
    <w>from<mor type="mor"><mw><pos><c>prep</c></pos><stem>from</stem></mw></mor></w>
    <w>your<mor type="mor"><mw><pos><c>pro</c><s>poss</s><s>det</s></pos><stem>your</stem></mw></mor></w>
    <w>work<mor type="mor"><mw><pos><c>n</c></pos><stem>work</stem></mw></mor></w>
    <t type="p"><mor type="mor"><mt type="p"/></mor></t>

  </u>
  <u who="CHI" uID="u2">
    <w>they're<mor type="mor"><mw><pos><c>pro</c><s>sub</s></pos><stem>they</stem></mw><mor-post><mw><pos><c>cop</c></pos><stem>be</stem><mk type="sfxf">PRES</mk></mw></mor-post></mor></w>
    <w>always<mor type="mor"><mw><pos><c>adv</c></pos><stem>always</stem></mw></mor></w>
    <w>shouting<mor type="mor"><mw><pos><c>part</c></pos><stem>shout</stem><mk type="sfx">PRESP</mk></mw></mor></w>
    <w>stuff<mor type="mor"><mw><pos><c>n</c></pos><stem>stuff</stem></mw></mor></w>
    <w>out<mor type="mor"><mw><pos><c>adv</c></pos><stem>out</stem></mw></mor></w>
    <w>in<mor type="mor"><mw><pos><c>prep</c></pos><stem>in</stem></mw></mor></w>
    <w>class<mor type="mor"><mw><pos><c>n</c></pos><stem>class</stem></mw></mor></w>
    <w>and<mor type="mor"><mw><pos><c>coord</c></pos><stem>and</stem></mw></mor></w>
    <e><action/><error/></e>
    <w>gets<mor type="mor"><mw><pos><c>v</c></pos><stem>get</stem><mk type="sfx">3S</mk></mw></mor></w>
    <w>the<mor type="mor"><mw><pos><c>art</c></pos><stem>the</stem></mw></mor></w>
    <w>teacher<mor type="mor"><mw><pos><c>n</c></pos><stem>teach</stem><mk type="sfxf">dv</mk><mk type="sfx">AGT</mk></mw></mor></w>
    <w>in<mor type="mor"><mw><pos><c>prep</c></pos><stem>in</stem></mw></mor></w>
    <w>a<mor type="mor"><mw><pos><c>art</c></pos><stem>a</stem></mw></mor></w>
    <w>bad<mor type="mor"><mw><pos><c>adj</c></pos><stem>bad</stem></mw></mor></w>
    <w>mood<mor type="mor"><mw><pos><c>n</c></pos><stem>mood</stem></mw></mor></w>
    <t type="p"><mor type="mor"><mt type="p"/></mor></t>

    <a type="errcoding">0 = subject</a>
  </u>
  <u who="CHI" uID="u3">
    <w>they'll<mor type="mor"><mw><pos><c>pro</c><s>sub</s></pos><stem>they</stem></mw><mor-post><mw><pos><c>mod</c></pos><stem>will</stem></mw></mor-post></mor></w>
    <w>always<mor type="mor"><mw><pos><c>adv</c></pos><stem>always</stem></mw></mor></w>
    <w>like<mor type="mor"><mw><pos><c>v</c></pos><stem>like</stem></mw></mor></w>
    <w>you<mor type="mor"><mw><pos><c>pro</c></pos><stem>you</stem></mw></mor></w>
    <w>know<mor type="mor"><mw><pos><c>v</c></pos><stem>know</stem></mw></mor></w>
    <w>say<mor type="mor"><mw><pos><c>v</c></pos><stem>say</stem></mw></mor></w>
    <w>things<mor type="mor"><mw><pos><c>n</c></pos><stem>thing</stem><mk type="sfx">PL</mk></mw></mor></w>
    <w>to<mor type="mor"><mw><pos><c>prep</c></pos><stem>to</stem></mw></mor></w>
    <w>you<mor type="mor"><mw><pos><c>pro</c></pos><stem>you</stem></mw></mor></w>
    <pause symbolic-length="simple"/>
    <w type="fragment">um</w>
    <w>tell<mor type="mor"><mw><pos><c>v</c></pos><stem>tell</stem></mw></mor></w>
    <w>you<mor type="mor"><mw><pos><c>pro</c></pos><stem>you</stem></mw></mor></w>
    <w>to<mor type="mor"><mw><pos><c>inf</c></pos><stem>to</stem></mw></mor></w>
    <w>shut<mor type="mor"><mw><pos><c>v</c></pos><stem>shut</stem><mk type="sfxf">ZERO</mk></mw></mor></w>
    <w>up<mor type="mor"><mw><pos><c>adv</c></pos><stem>up</stem></mw></mor></w>
    <w>and<mor type="mor"><mw><pos><c>coord</c></pos><stem>and</stem></mw></mor></w>
    <w>stuff<mor type="mor"><mw><pos><c>n</c></pos><stem>stuff</stem></mw></mor></w>
    <w>like<mor type="mor"><mw><pos><c>prep</c></pos><stem>like</stem></mw></mor></w>
    <w>that<mor type="mor"><mw><pos><c>pro</c><s>dem</s></pos><stem>that</stem></mw></mor></w>
    <t type="p"><mor type="mor"><mt type="p"/></mor></t>

  </u>
  <u who="CHI" uID="u4">
    <w type="fragment">um</w>
    <pause symbolic-length="simple"/>
    <w>they<mor type="mor"><mw><pos><c>pro</c><s>sub</s></pos><stem>they</stem></mw></mor></w>
    <w>sometimes<mor type="mor"><mw><pos><c>adv</c></pos><stem>sometimes</stem></mw></mor></w>
    <w>say<mor type="mor"><mw><pos><c>v</c></pos><stem>say</stem></mw></mor></w>
    <t type="quotation next line"><mor type="mor"><mt type="quotation next line"/></mor></t>

  </u>
  <u who="CHI" uID="u5">
    <linker type="quoted utterance next"/>
    <w>I<mor type="mor"><mw><pos><c>pro</c><s>sub</s></pos><stem>I</stem></mw></mor></w>
    <w>might<mor type="mor"><mw><pos><c>mod</c></pos><stem>might</stem></mw></mor></w>
    <w>hit<mor type="mor"><mw><pos><c>v</c></pos><stem>hit</stem><mk type="sfxf">ZERO</mk></mw></mor></w>
    <w>you<mor type="mor"><mw><pos><c>pro</c></pos><stem>you</stem></mw></mor></w>
    <w>after<mor type="mor"><mw><pos><c>prep</c></pos><stem>after</stem></mw></mor></w>
    <w>class<mor type="mor"><mw><pos><c>n</c></pos><stem>class</stem></mw></mor></w>
    <t type="p"><mor type="mor"><mt type="p"/></mor></t>

  </u>
  <u who="CHI" uID="u6">
    <w>or<mor type="mor"><mw><pos><c>coord</c></pos><stem>or</stem></mw></mor></w>
    <w>something<mor type="mor"><mw><pos><c>pro</c><s>indef</s></pos><stem>something</stem></mw></mor></w>
    <t type="p"><mor type="mor"><mt type="p"/></mor></t>

  </u>
  <u who="INV" uID="u7">
    <w type="fragment" untranscribed="untranscribed">www</w>
    <t type="p"></t>

    <a type="explanation">investigator talks as disc is turned off .</a>
  </u>
</CHAT>