<?xml version="1.0" encoding="UTF-8"?>

<CHAT xmlns:xsi="http://www.w3.org/2001/XMLSchema-instance"
      xmlns="http://www.talkbank.org/ns/talkbank"
      xsi:schemaLocation="http://www.talkbank.org/ns/talkbank http://talkbank.org/software/talkbank.xsd"
      PID="11312/c-00004983-1"
      Version="2.1.0"
      Lang="eng"
      Corpus="Conti4"
      Date="2002-05-20">
  <Participants>
    <participant
      id="INV"
    name="Dee"
      role="Investigator"
      language="eng"

    />
    <participant
      id="CHI"
      role="Target_Child"
      language="eng"
      age="P14Y8M6D"

    />
  </Participants>
  <comment type="Date">20-MAY-2002</comment>
  <comment type="Transcriber">Dee</comment>
  <comment type="Situation">Participants were in a quiet room at school. Question asked: who is the most annoying person you know and give reasons?</comment>
  <u who="INV" uID="u0">
    <w type="fragment" untranscribed="untranscribed">www</w>
    <t type="p"></t>

    <a type="explanation">child and investigator talk briefly before narrative begins .</a>
  </u>
  <u who="CHI" uID="u1">
    <w>there's<mor type="mor"><mw><pos><c>pro</c><s>dem</s></pos><stem>there</stem></mw><mor-post><mw><pos><c>aux</c></pos><stem>be</stem><mk type="sfxf">3S</mk></mw></mor-post></mor></w>
    <w>this<mor type="mor"><mw><pos><c>det</c></pos><stem>this</stem></mw></mor></w>
    <w>girl<mor type="mor"><mw><pos><c>n</c></pos><stem>girl</stem></mw></mor></w>
    <w>in<mor type="mor"><mw><pos><c>prep</c></pos><stem>in</stem></mw></mor></w>
    <w>my<mor type="mor"><mw><pos><c>pro</c><s>poss</s><s>det</s></pos><stem>my</stem></mw></mor></w>
    <w>class<mor type="mor"><mw><pos><c>n</c></pos><stem>class</stem></mw></mor></w>
    <w>called<mor type="mor"><mw><pos><c>v</c></pos><stem>call</stem><mk type="sfx">PAST</mk></mw></mor></w>
    <w>Sadie<mor type="mor"><mw><pos><c>n</c><s>prop</s></pos><stem>Sadie</stem></mw></mor></w>
    <tagMarker type="comma"><mor type="mor"><mw><pos><c>cm</c></pos><stem>cm</stem></mw></mor></tagMarker>
    <w>who<mor type="mor"><mw><pos><c>rel</c></pos><stem>who</stem></mw></mor></w>
    <w>I<mor type="mor"><mw><pos><c>pro</c><s>sub</s></pos><stem>I</stem></mw></mor></w>
    <w>think<mor type="mor"><mw><pos><c>v</c></pos><stem>think</stem></mw></mor></w>
    <w><shortening>i</shortening>s<mor type="mor"><mw><pos><c>aux</c></pos><stem>be</stem><mk type="sfxf">3S</mk></mw></mor></w>
    <w>quite<mor type="mor"><mw><pos><c>adv</c></pos><stem>quite</stem></mw></mor></w>
    <w>annoying<mor type="mor"><mw><pos><c>part</c></pos><stem>annoy</stem><mk type="sfx">PRESP</mk></mw></mor></w>
    <w>because<mor type="mor"><mw><pos><c>conj</c></pos><stem>because</stem></mw></mor></w>
    <w>she's<mor type="mor"><mw><pos><c>pro</c><s>sub</s></pos><stem>she</stem></mw><mor-post><mw><pos><c>aux</c></pos><stem>be</stem><mk type="sfxf">3S</mk></mw></mor-post></mor></w>
    <w type="fragment">um</w>
    <w>very<mor type="mor"><mw><pos><c>adv</c></pos><stem>very</stem></mw></mor></w>
    <w>independent<mor type="mor"><mw><mpfx>in</mpfx><pos><c>adj</c></pos><stem>dependent</stem></mw></mor></w>
    <t type="p"><mor type="mor"><mt type="p"/></mor></t>

  </u>
  <u who="CHI" uID="u2">
    <w>and<mor type="mor"><mw><pos><c>coord</c></pos><stem>and</stem></mw></mor></w>
    <w>she<mor type="mor"><mw><pos><c>pro</c><s>sub</s></pos><stem>she</stem></mw></mor></w>
    <w>likes<mor type="mor"><mw><pos><c>v</c></pos><stem>like</stem><mk type="sfx">3S</mk></mw></mor></w>
    <w>to<mor type="mor"><mw><pos><c>inf</c></pos><stem>to</stem></mw></mor></w>
    <w>hang<mor type="mor"><mw><pos><c>v</c></pos><stem>hang</stem></mw></mor></w>
    <w>around<mor type="mor"><mw><pos><c>adv</c></pos><stem>around</stem></mw></mor></w>
    <w>with<mor type="mor"><mw><pos><c>prep</c></pos><stem>with</stem></mw></mor></w>
    <w>a<mor type="mor"><mw><pos><c>art</c></pos><stem>a</stem></mw></mor></w>
    <w>person<mor type="mor"><mw><pos><c>n</c></pos><stem>person</stem></mw></mor></w>
    <tagMarker type="comma"><mor type="mor"><mw><pos><c>cm</c></pos><stem>cm</stem></mw></mor></tagMarker>
    <w>who<mor type="mor"><mw><pos><c>rel</c></pos><stem>who</stem></mw></mor></w>
    <w>I'm<mor type="mor"><mw><pos><c>pro</c><s>sub</s></pos><stem>I</stem></mw><mor-post><mw><pos><c>cop</c></pos><stem>be</stem><mk type="sfxf">1S</mk></mw></mor-post></mor></w>
    <w>not<mor type="mor"><mw><pos><c>neg</c></pos><stem>not</stem></mw></mor></w>
    <w>going<mor type="mor"><mw><pos><c>part</c></pos><stem>go</stem><mk type="sfx">PRESP</mk></mw></mor></w>
    <w>to<mor type="mor"><mw><pos><c>inf</c></pos><stem>to</stem></mw></mor></w>
    <w>say<mor type="mor"><mw><pos><c>v</c></pos><stem>say</stem></mw></mor></w>
    <w>because<mor type="mor"><mw><pos><c>conj</c></pos><stem>because</stem></mw></mor></w>
    <w>he's<mor type="mor"><mw><pos><c>pro</c><s>sub</s></pos><stem>he</stem></mw><mor-post><mw><pos><c>aux</c></pos><stem>be</stem><mk type="sfxf">3S</mk></mw></mor-post></mor></w>
    <w>quite<mor type="mor"><mw><pos><c>adv</c></pos><stem>quite</stem></mw></mor></w>
    <w>old<mor type="mor"><mw><pos><c>adj</c></pos><stem>old</stem></mw></mor></w>
    <t type="p"><mor type="mor"><mt type="p"/></mor></t>

  </u>
  <u who="CHI" uID="u3">
    <w>and<mor type="mor"><mw><pos><c>coord</c></pos><stem>and</stem></mw></mor></w>
    <g><w>he's</w>
    <w>very</w><k type="retracing with correction"/></g>
    <w>he<mor type="mor"><mw><pos><c>pro</c><s>sub</s></pos><stem>he</stem></mw></mor></w>
    <w>seems<mor type="mor"><mw><pos><c>v</c></pos><stem>seem</stem><mk type="sfx">3S</mk></mw></mor></w>
    <w>very<mor type="mor"><mw><pos><c>adv</c></pos><stem>very</stem></mw></mor></w>
    <w>nice<mor type="mor"><mw><pos><c>adj</c></pos><stem>nice</stem></mw></mor></w>
    <t type="p"><mor type="mor"><mt type="p"/></mor></t>

  </u>
  <u who="CHI" uID="u4">
    <w>I've<mor type="mor"><mw><pos><c>pro</c><s>sub</s></pos><stem>I</stem></mw><mor-post><mw><pos><c>aux</c></pos><stem>have</stem></mw></mor-post></mor></w>
    <w>met<mor type="mor"><mw><pos><c>part</c></pos><stem>meet</stem><mk type="sfxf">PASTP</mk></mw></mor></w>
    <w>him<mor type="mor"><mw><pos><c>pro</c><s>obj</s></pos><stem>him</stem></mw></mor></w>
    <w>before<mor type="mor"><mw><pos><c>adv</c></pos><stem>before</stem></mw></mor></w>
    <t type="p"><mor type="mor"><mt type="p"/></mor></t>

  </u>
  <u who="CHI" uID="u5">
    <w>but<mor type="mor"><mw><pos><c>conj</c></pos><stem>but</stem></mw></mor></w>
    <w>she's<mor type="mor"><mw><pos><c>pro</c><s>sub</s></pos><stem>she</stem></mw><mor-post><mw><pos><c>cop</c></pos><stem>be</stem><mk type="sfxf">3S</mk></mw></mor-post></mor></w>
    <w>so<mor type="mor"><mw><pos><c>adv</c></pos><stem>so</stem></mw></mor></w>
    <w>full<mor type="mor"><mw><pos><c>adj</c></pos><stem>full</stem></mw></mor></w>
    <w>of<mor type="mor"><mw><pos><c>prep</c></pos><stem>of</stem></mw></mor></w>
    <w>herself<mor type="mor"><mw><pos><c>pro</c><s>refl</s></pos><stem>herself</stem></mw></mor></w>
    <t type="trail off"><mor type="mor"><mt type="trail off"/></mor></t>

  </u>
  <u who="CHI" uID="u6">
    <w>and<mor type="mor"><mw><pos><c>coord</c></pos><stem>and</stem></mw></mor></w>
    <g><w>she</w><k type="retracing"/></g>
    <g><w>she</w>
    <w>always</w><k type="retracing with correction"/></g>
    <w>if<mor type="mor"><mw><pos><c>conj</c></pos><stem>if</stem></mw></mor></w>
    <w>you<mor type="mor"><mw><pos><c>pro</c></pos><stem>you</stem></mw></mor></w>
    <w>want<mor type="mor"><mw><pos><c>v</c></pos><stem>want</stem></mw></mor></w>
    <w>to<mor type="mor"><mw><pos><c>inf</c></pos><stem>to</stem></mw></mor></w>
    <w>put<mor type="mor"><mw><pos><c>v</c></pos><stem>put</stem><mk type="sfxf">ZERO</mk></mw></mor></w>
    <w>it<mor type="mor"><mw><pos><c>pro</c></pos><stem>it</stem></mw></mor></w>
    <t type="trail off"><mor type="mor"><mt type="trail off"/></mor></t>

  </u>
  <u who="CHI" uID="u7">
    <w>she<mor type="mor"><mw><pos><c>pro</c><s>sub</s></pos><stem>she</stem></mw></mor></w>
    <w>always<mor type="mor"><mw><pos><c>adv</c></pos><stem>always</stem></mw></mor></w>
    <w>like<mor type="mor"><mw><pos><c>v</c></pos><stem>like</stem></mw></mor></w>
    <w>brags<mor type="mor"><mw><pos><c>n</c></pos><stem>brag</stem><mk type="sfx">PL</mk></mw></mor></w>
    <w>about<mor type="mor"><mw><pos><c>prep</c></pos><stem>about</stem></mw></mor></w>
    <w>it<mor type="mor"><mw><pos><c>pro</c></pos><stem>it</stem></mw></mor></w>
    <t type="p"><mor type="mor"><mt type="p"/></mor></t>

  </u>
  <u who="CHI" uID="u8">
    <w>and<mor type="mor"><mw><pos><c>coord</c></pos><stem>and</stem></mw></mor></w>
    <w>I<mor type="mor"><mw><pos><c>pro</c><s>sub</s></pos><stem>I</stem></mw></mor></w>
    <w>wouldn't<mor type="mor"><mw><pos><c>mod</c></pos><stem>will</stem><mk type="sfxf">COND</mk></mw><mor-post><mw><pos><c>neg</c></pos><stem>not</stem></mw></mor-post></mor></w>
    <w>brag<mor type="mor"><mw><pos><c>v</c></pos><stem>brag</stem></mw></mor></w>
    <w>about<mor type="mor"><mw><pos><c>prep</c></pos><stem>about</stem></mw></mor></w>
    <w>someone<mor type="mor"><mw><pos><c>pro</c><s>indef</s></pos><stem>someone</stem></mw></mor></w>
    <w>that's<mor type="mor"><mw><pos><c>rel</c></pos><stem>that</stem></mw><mor-post><mw><pos><c>aux</c></pos><stem>be</stem><mk type="sfxf">3S</mk></mw></mor-post></mor></w>
    <w>older<mor type="mor"><mw><pos><c>adj</c></pos><stem>old</stem><mk type="sfx">CP</mk></mw></mor></w>
    <w>than<mor type="mor"><mw><pos><c>prep</c></pos><stem>than</stem></mw></mor></w>
    <g><w>a</w>
    <w>w<shortening>oman</shortening></w><k type="retracing with correction"/></g>
    <w>a<mor type="mor"><mw><pos><c>art</c></pos><stem>a</stem></mw></mor></w>
    <w>girl<mor type="mor"><mw><pos><c>n</c></pos><stem>girl</stem></mw></mor></w>
    <w>because<mor type="mor"><mw><pos><c>conj</c></pos><stem>because</stem></mw></mor></w>
    <w>she's<mor type="mor"><mw><pos><c>pro</c><s>sub</s></pos><stem>she</stem></mw><mor-post><mw><pos><c>aux</c></pos><stem>be</stem><mk type="sfxf">3S</mk></mw></mor-post></mor></w>
    <w>a<mor type="mor"><mw><pos><c>art</c></pos><stem>a</stem></mw></mor></w>
    <w>younger<mor type="mor"><mw><pos><c>adj</c></pos><stem>young</stem><mk type="sfx">CP</mk></mw></mor></w>
    <w>girl<mor type="mor"><mw><pos><c>n</c></pos><stem>girl</stem></mw></mor></w>
    <w>and<mor type="mor"><mw><pos><c>coord</c></pos><stem>and</stem></mw></mor></w>
    <w>he's<mor type="mor"><mw><pos><c>pro</c><s>sub</s></pos><stem>he</stem></mw><mor-post><mw><pos><c>aux</c></pos><stem>be</stem><mk type="sfxf">3S</mk></mw></mor-post></mor></w>
    <w>an<mor type="mor"><mw><pos><c>art</c></pos><stem>a</stem></mw></mor></w>
    <w>older<mor type="mor"><mw><pos><c>adj</c></pos><stem>old</stem><mk type="sfx">CP</mk></mw></mor></w>
    <w>man<mor type="mor"><mw><pos><c>n</c></pos><stem>man</stem></mw></mor></w>
    <t type="p"><mor type="mor"><mt type="p"/></mor></t>

  </u>
  <u who="CHI" uID="u9">
    <w>and<mor type="mor"><mw><pos><c>coord</c></pos><stem>and</stem></mw></mor></w>
    <w>you<mor type="mor"><mw><pos><c>pro</c></pos><stem>you</stem></mw></mor></w>
    <w>don't<mor type="mor"><mw><pos><c>mod</c></pos><stem>do</stem></mw><mor-post><mw><pos><c>neg</c></pos><stem>not</stem></mw></mor-post></mor></w>
    <w>know<mor type="mor"><mw><pos><c>v</c></pos><stem>know</stem></mw></mor></w>
    <w>what<mor type="mor"><mw><pos><c>pro</c><s>wh</s></pos><stem>what</stem></mw></mor></w>
    <w>they<mor type="mor"><mw><pos><c>pro</c><s>sub</s></pos><stem>they</stem></mw></mor></w>
    <w>could<mor type="mor"><mw><pos><c>mod</c></pos><stem>could</stem></mw></mor></w>
    <w>do<mor type="mor"><mw><pos><c>v</c></pos><stem>do</stem></mw></mor></w>
    <t type="trail off"><mor type="mor"><mt type="trail off"/></mor></t>

  </u>
  <u who="CHI" uID="u10">
    <w>but<mor type="mor"><mw><pos><c>conj</c></pos><stem>but</stem></mw></mor></w>
    <w>I<mor type="mor"><mw><pos><c>pro</c><s>sub</s></pos><stem>I</stem></mw></mor></w>
    <w>just<mor type="mor"><mw><pos><c>adv</c></pos><stem>just</stem></mw></mor></w>
    <w>think<mor type="mor"><mw><pos><c>v</c></pos><stem>think</stem></mw></mor></w>
    <w>it's<mor type="mor"><mw><pos><c>pro</c></pos><stem>it</stem></mw><mor-post><mw><pos><c>cop</c></pos><stem>be</stem><mk type="sfxf">3S</mk></mw></mor-post></mor></w>
    <w>really<mor type="mor"><mw><pos><c>adv</c></pos><stem>real</stem><mk type="sfxf">dadj</mk><mk type="sfx">LY</mk></mw></mor></w>
    <w>annoying<mor type="mor"><mw><pos><c>part</c></pos><stem>annoy</stem><mk type="sfx">PRESP</mk></mw></mor></w>
    <w>because<mor type="mor"><mw><pos><c>conj</c></pos><stem>because</stem></mw></mor></w>
    <w>she's<mor type="mor"><mw><pos><c>pro</c><s>sub</s></pos><stem>she</stem></mw><mor-post><mw><pos><c>aux</c></pos><stem>be</stem><mk type="sfxf">3S</mk></mw></mor-post></mor></w>
    <w>just<mor type="mor"><mw><pos><c>adv</c></pos><stem>just</stem></mw></mor></w>
    <w>so<mor type="mor"><mw><pos><c>adv</c></pos><stem>so</stem></mw></mor></w>
    <w>full<mor type="mor"><mw><pos><c>adj</c></pos><stem>full</stem></mw></mor></w>
    <w>of<mor type="mor"><mw><pos><c>prep</c></pos><stem>of</stem></mw></mor></w>
    <w>herself<mor type="mor"><mw><pos><c>pro</c><s>refl</s></pos><stem>herself</stem></mw></mor></w>
    <t type="p"><mor type="mor"><mt type="p"/></mor></t>

  </u>
  <u who="CHI" uID="u11">
    <w>and<mor type="mor"><mw><pos><c>coord</c></pos><stem>and</stem></mw></mor></w>
    <w>she<mor type="mor"><mw><pos><c>pro</c><s>sub</s></pos><stem>she</stem></mw></mor></w>
    <w>doesn't<mor type="mor"><mw><pos><c>mod</c></pos><stem>do</stem><mk type="sfxf">3S</mk></mw><mor-post><mw><pos><c>neg</c></pos><stem>not</stem></mw></mor-post></mor></w>
    <w>really<mor type="mor"><mw><pos><c>adv</c></pos><stem>real</stem><mk type="sfxf">dadj</mk><mk type="sfx">LY</mk></mw></mor></w>
    <w>realize<mor type="mor"><mw><pos><c>v</c></pos><stem>realize</stem></mw></mor></w>
    <g><w>the</w><k type="retracing with correction"/></g>
    <w>what<mor type="mor"><mw><pos><c>pro</c><s>wh</s></pos><stem>what</stem></mw></mor></w>
    <w>could<mor type="mor"><mw><pos><c>mod</c></pos><stem>could</stem></mw></mor></w>
    <w>actually<mor type="mor"><mw><pos><c>adv</c></pos><stem>actual</stem><mk type="sfxf">dadj</mk><mk type="sfx">LY</mk></mw></mor></w>
    <w>happen<mor type="mor"><mw><pos><c>v</c></pos><stem>happen</stem></mw></mor></w>
    <w>if<mor type="mor"><mw><pos><c>conj</c></pos><stem>if</stem></mw></mor></w>
    <w>anything<mor type="mor"><mw><pos><c>pro</c><s>indef</s></pos><stem>anything</stem></mw></mor></w>
    <w>did<mor type="mor"><mw><pos><c>mod</c></pos><stem>do</stem><mk type="sfxf">PAST</mk></mw></mor></w>
    <w>happen<mor type="mor"><mw><pos><c>v</c></pos><stem>happen</stem></mw></mor></w>
    <t type="p"><mor type="mor"><mt type="p"/></mor></t>

  </u>
  <u who="CHI" uID="u12">
    <w>and<mor type="mor"><mw><pos><c>coord</c></pos><stem>and</stem></mw></mor></w>
    <w>I<mor type="mor"><mw><pos><c>pro</c><s>sub</s></pos><stem>I</stem></mw></mor></w>
    <w>just<mor type="mor"><mw><pos><c>adv</c></pos><stem>just</stem></mw></mor></w>
    <w>think<mor type="mor"><mw><pos><c>v</c></pos><stem>think</stem></mw></mor></w>
    <w>it's<mor type="mor"><mw><pos><c>pro</c></pos><stem>it</stem></mw><mor-post><mw><pos><c>cop</c></pos><stem>be</stem><mk type="sfxf">3S</mk></mw></mor-post></mor></w>
    <w>stupid<mor type="mor"><mw><pos><c>adj</c></pos><stem>stupid</stem></mw></mor></w>
    <w>because<mor type="mor"><mw><pos><c>conj</c></pos><stem>because</stem></mw></mor></w>
    <g><w>she</w>
    <w>doesn't</w><k type="retracing"/></g>
    <w>she<mor type="mor"><mw><pos><c>pro</c><s>sub</s></pos><stem>she</stem></mw></mor></w>
    <w>doesn't<mor type="mor"><mw><pos><c>mod</c></pos><stem>do</stem><mk type="sfxf">3S</mk></mw><mor-post><mw><pos><c>neg</c></pos><stem>not</stem></mw></mor-post></mor></w>
    <w>really<mor type="mor"><mw><pos><c>adv</c></pos><stem>real</stem><mk type="sfxf">dadj</mk><mk type="sfx">LY</mk></mw></mor></w>
    <w>like<mor type="mor"><mw><pos><c>v</c></pos><stem>like</stem></mw></mor></w>
    <w>him<mor type="mor"><mw><pos><c>pro</c><s>obj</s></pos><stem>him</stem></mw></mor></w>
    <w>I<mor type="mor"><mw><pos><c>pro</c><s>sub</s></pos><stem>I</stem></mw></mor></w>
    <w>don't<mor type="mor"><mw><pos><c>mod</c></pos><stem>do</stem></mw><mor-post><mw><pos><c>neg</c></pos><stem>not</stem></mw></mor-post></mor></w>
    <w>think<mor type="mor"><mw><pos><c>v</c></pos><stem>think</stem></mw></mor></w>
    <t type="p"><mor type="mor"><mt type="p"/></mor></t>

  </u>
  <u who="CHI" uID="u13">
    <w>she<mor type="mor"><mw><pos><c>pro</c><s>sub</s></pos><stem>she</stem></mw></mor></w>
    <w>just<mor type="mor"><mw><pos><c>adv</c></pos><stem>just</stem></mw></mor></w>
    <w>hangs<mor type="mor"><mw><pos><c>v</c></pos><stem>hang</stem><mk type="sfx">3S</mk></mw></mor></w>
    <w>around<mor type="mor"><mw><pos><c>adv</c></pos><stem>around</stem></mw></mor></w>
    <w>with<mor type="mor"><mw><pos><c>prep</c></pos><stem>with</stem></mw></mor></w>
    <w>him<mor type="mor"><mw><pos><c>pro</c><s>obj</s></pos><stem>him</stem></mw></mor></w>
    <w>because<mor type="mor"><mw><pos><c>conj</c></pos><stem>because</stem></mw></mor></w>
    <w>he's<mor type="mor"><mw><pos><c>pro</c><s>sub</s></pos><stem>he</stem></mw><mor-post><mw><pos><c>aux</c></pos><stem>be</stem><mk type="sfxf">3S</mk></mw></mor-post></mor></w>
    <w>older<mor type="mor"><mw><pos><c>adj</c></pos><stem>old</stem><mk type="sfx">CP</mk></mw></mor></w>
    <t type="p"><mor type="mor"><mt type="p"/></mor></t>

  </u>
  <u who="CHI" uID="u14">
    <w>and<mor type="mor"><mw><pos><c>coord</c></pos><stem>and</stem></mw></mor></w>
    <w>she<mor type="mor"><mw><pos><c>pro</c><s>sub</s></pos><stem>she</stem></mw></mor></w>
    <w>knows<mor type="mor"><mw><pos><c>v</c></pos><stem>know</stem><mk type="sfx">3S</mk></mw></mor></w>
    <w>she<mor type="mor"><mw><pos><c>pro</c><s>sub</s></pos><stem>she</stem></mw></mor></w>
    <w>can<mor type="mor"><mw><pos><c>mod</c></pos><stem>can</stem></mw></mor></w>
    <w>get<mor type="mor"><mw><pos><c>v</c></pos><stem>get</stem></mw></mor></w>
    <w>attention<mor type="mor"><mw><pos><c>n</c></pos><stem>attention</stem></mw></mor></w>
    <w>for<mor type="mor"><mw><pos><c>prep</c></pos><stem>for</stem></mw></mor></w>
    <w>it<mor type="mor"><mw><pos><c>pro</c></pos><stem>it</stem></mw></mor></w>
    <t type="p"><mor type="mor"><mt type="p"/></mor></t>

  </u>
  <u who="INV" uID="u15">
    <w type="fragment" untranscribed="untranscribed">www</w>
    <t type="p"></t>

    <a type="explanation">investigator talks as disc is turned off .</a>
  </u>
</CHAT>