<?xml version="1.0" encoding="UTF-8"?>

<CHAT xmlns:xsi="http://www.w3.org/2001/XMLSchema-instance"
      xmlns="http://www.talkbank.org/ns/talkbank"
      xsi:schemaLocation="http://www.talkbank.org/ns/talkbank http://talkbank.org/software/talkbank.xsd"
      PID="11312/c-00004993-1"
      Version="2.1.0"
      Lang="eng"
      Corpus="Conti4"
      Date="2001-05-27">
  <Participants>
    <participant
      id="INV"
    name="Dee"
      role="Investigator"
      language="eng"

    />
    <participant
      id="CHI"
      role="Target_Child"
      language="eng"
      age="P15Y2M12D"

    />
  </Participants>
  <comment type="Date">27-MAY-2001</comment>
  <comment type="Transcriber">Dee</comment>
  <comment type="Situation">Participants were in a quiet room at school. Question asked: who is the most annoying person you know and give reasons?</comment>
  <u who="INV" uID="u0">
    <w type="fragment" untranscribed="untranscribed">www</w>
    <t type="p"></t>

    <a type="explanation">child and investigator talk briefly before narrative begins .</a>
  </u>
  <u who="CHI" uID="u1">
    <w>Laura<mor type="mor"><mw><pos><c>n</c><s>prop</s></pos><stem>Laura</stem></mw></mor></w>
    <w>Johnston<mor type="mor"><mw><pos><c>n</c><s>prop</s></pos><stem>Johnston</stem></mw></mor></w>
    <tagMarker type="comma"><mor type="mor"><mw><pos><c>cm</c></pos><stem>cm</stem></mw></mor></tagMarker>
    <w><shortening>be</shortening>cause<mor type="mor"><mw><pos><c>conj</c></pos><stem>because</stem></mw></mor></w>
    <w>she<mor type="mor"><mw><pos><c>pro</c><s>sub</s></pos><stem>she</stem></mw></mor></w>
    <w>says<mor type="mor"><mw><pos><c>v</c></pos><stem>say</stem><mk type="sfx">3S</mk></mw></mor></w>
    <g><w>she's</w>
    <w>done</w><k type="retracing with correction"/></g>
    <w>she'll<mor type="mor"><mw><pos><c>pro</c><s>sub</s></pos><stem>she</stem></mw><mor-post><mw><pos><c>mod</c></pos><stem>will</stem></mw></mor-post></mor></w>
    <w>do<mor type="mor"><mw><pos><c>v</c></pos><stem>do</stem></mw></mor></w>
    <w>something<mor type="mor"><mw><pos><c>pro</c><s>indef</s></pos><stem>something</stem></mw></mor></w>
    <w>and<mor type="mor"><mw><pos><c>coord</c></pos><stem>and</stem></mw></mor></w>
    <w>she<mor type="mor"><mw><pos><c>pro</c><s>sub</s></pos><stem>she</stem></mw></mor></w>
    <w>doesn't<mor type="mor"><mw><pos><c>mod</c></pos><stem>do</stem><mk type="sfxf">3S</mk></mw><mor-post><mw><pos><c>neg</c></pos><stem>not</stem></mw></mor-post></mor></w>
    <t type="p"><mor type="mor"><mt type="p"/></mor></t>

  </u>
  <u who="CHI" uID="u2">
    <w type="fragment">um</w>
    <w>she's<mor type="mor"><mw><pos><c>pro</c><s>sub</s></pos><stem>she</stem></mw><mor-post><mw><pos><c>aux</c></pos><stem>be</stem><mk type="sfxf">3S</mk></mw></mor-post></mor></w>
    <w>not<mor type="mor"><mw><pos><c>neg</c></pos><stem>not</stem></mw></mor></w>
    <w>very<mor type="mor"><mw><pos><c>adv</c></pos><stem>very</stem></mw></mor></w>
    <w>honest<mor type="mor"><mw><pos><c>adj</c></pos><stem>honest</stem></mw></mor></w>
    <w>with<mor type="mor"><mw><pos><c>prep</c></pos><stem>with</stem></mw></mor></w>
    <w>you<mor type="mor"><mw><pos><c>pro</c></pos><stem>you</stem></mw></mor></w>
    <t type="p"><mor type="mor"><mt type="p"/></mor></t>

  </u>
  <u who="CHI" uID="u3">
    <w>and<mor type="mor"><mw><pos><c>coord</c></pos><stem>and</stem></mw></mor></w>
    <w>she's<mor type="mor"><mw><pos><c>pro</c><s>sub</s></pos><stem>she</stem></mw><mor-post><mw><pos><c>aux</c></pos><stem>be</stem><mk type="sfxf">3S</mk></mw></mor-post></mor></w>
    <w>not<mor type="mor"><mw><pos><c>neg</c></pos><stem>not</stem></mw></mor></w>
    <w>very<mor type="mor"><mw><pos><c>adv</c></pos><stem>very</stem></mw></mor></w>
    <w>reliable<mor type="mor"><mw><pos><c>adj</c></pos><stem>rely</stem><mk type="sfxf">dv</mk><mk type="sfx">ABLE</mk></mw></mor></w>
    <t type="p"><mor type="mor"><mt type="p"/></mor></t>

  </u>
  <u who="CHI" uID="u4">
    <w>and<mor type="mor"><mw><pos><c>coord</c></pos><stem>and</stem></mw></mor></w>
    <w>she'll<mor type="mor"><mw><pos><c>pro</c><s>sub</s></pos><stem>she</stem></mw><mor-post><mw><pos><c>mod</c></pos><stem>will</stem></mw></mor-post></mor></w>
    <w>talk<mor type="mor"><mw><pos><c>v</c></pos><stem>talk</stem></mw></mor></w>
    <w>to<mor type="mor"><mw><pos><c>prep</c></pos><stem>to</stem></mw></mor></w>
    <w>you<mor type="mor"><mw><pos><c>pro</c></pos><stem>you</stem></mw></mor></w>
    <w>one<mor type="mor"><mw><pos><c>det</c><s>num</s></pos><stem>one</stem></mw></mor></w>
    <w>time<mor type="mor"><mw><pos><c>n</c></pos><stem>time</stem></mw></mor></w>
    <tagMarker type="comma"><mor type="mor"><mw><pos><c>cm</c></pos><stem>cm</stem></mw></mor></tagMarker>
    <w>but<mor type="mor"><mw><pos><c>conj</c></pos><stem>but</stem></mw></mor></w>
    <w>she<mor type="mor"><mw><pos><c>pro</c><s>sub</s></pos><stem>she</stem></mw></mor></w>
    <w>won't<mor type="mor"><mw><pos><c>mod</c></pos><stem>will</stem></mw><mor-post><mw><pos><c>neg</c></pos><stem>not</stem></mw></mor-post></mor></w>
    <w>talk<mor type="mor"><mw><pos><c>v</c></pos><stem>talk</stem></mw></mor></w>
    <w>to<mor type="mor"><mw><pos><c>prep</c></pos><stem>to</stem></mw></mor></w>
    <w>you<mor type="mor"><mw><pos><c>pro</c></pos><stem>you</stem></mw></mor></w>
    <w>another<mor type="mor"><mw><pos><c>qn</c></pos><stem>another</stem></mw></mor></w>
    <w>time<mor type="mor"><mw><pos><c>n</c></pos><stem>time</stem></mw></mor></w>
    <t type="p"><mor type="mor"><mt type="p"/></mor></t>

  </u>
  <u who="INV" uID="u5">
    <w>can<mor type="mor"><mw><pos><c>mod</c></pos><stem>can</stem></mw></mor></w>
    <w>you<mor type="mor"><mw><pos><c>pro</c></pos><stem>you</stem></mw></mor></w>
    <w>think<mor type="mor"><mw><pos><c>v</c></pos><stem>think</stem></mw></mor></w>
    <w>of<mor type="mor"><mw><pos><c>prep</c></pos><stem>of</stem></mw></mor></w>
    <w>anything<mor type="mor"><mw><pos><c>pro</c><s>indef</s></pos><stem>anything</stem></mw></mor></w>
    <w>else<mor type="mor"><mw><pos><c>post</c></pos><stem>else</stem></mw></mor></w>
    <w>she<mor type="mor"><mw><pos><c>pro</c><s>sub</s></pos><stem>she</stem></mw></mor></w>
    <w>does<mor type="mor"><mw><pos><c>v</c></pos><stem>do</stem><mk type="sfxf">3S</mk></mw></mor></w>
    <t type="q"><mor type="mor"><mt type="q"/></mor></t>

  </u>
  <u who="CHI" uID="u6">
    <w>if<mor type="mor"><mw><pos><c>conj</c></pos><stem>if</stem></mw></mor></w>
    <w>there's<mor type="mor"><mw><pos><c>pro</c><s>exist</s></pos><stem>there</stem></mw><mor-post><mw><pos><c>cop</c></pos><stem>be</stem><mk type="sfxf">3S</mk></mw></mor-post></mor></w>
    <w>nobody<mor type="mor"><mw><pos><c>pro</c><s>indef</s></pos><stem>nobody</stem></mw></mor></w>
    <w>else<mor type="mor"><mw><pos><c>post</c></pos><stem>else</stem></mw></mor></w>
    <w>to<mor type="mor"><mw><pos><c>inf</c></pos><stem>to</stem></mw></mor></w>
    <w>ask<mor type="mor"><mw><pos><c>v</c></pos><stem>ask</stem></mw></mor></w>
    <w>out<mor type="mor"><mw><pos><c>prep</c></pos><stem>out</stem></mw></mor></w>
    <w>somewhere<mor type="mor"><mw><pos><c>n</c></pos><stem>somewhere</stem></mw></mor></w>
    <tagMarker type="comma"><mor type="mor"><mw><pos><c>cm</c></pos><stem>cm</stem></mw></mor></tagMarker>
    <w>she'll<mor type="mor"><mw><pos><c>pro</c><s>sub</s></pos><stem>she</stem></mw><mor-post><mw><pos><c>mod</c></pos><stem>will</stem></mw></mor-post></mor></w>
    <w>ask<mor type="mor"><mw><pos><c>v</c></pos><stem>ask</stem></mw></mor></w>
    <w>you<mor type="mor"><mw><pos><c>pro</c></pos><stem>you</stem></mw></mor></w>
    <t type="p"><mor type="mor"><mt type="p"/></mor></t>

  </u>
  <u who="CHI" uID="u7">
    <w>if<mor type="mor"><mw><pos><c>conj</c></pos><stem>if</stem></mw></mor></w>
    <w>like<mor type="mor"><mw><pos><c>conj</c></pos><stem>like</stem></mw></mor></w>
    <w>she's<mor type="mor"><mw><pos><c>pro</c><s>sub</s></pos><stem>she</stem></mw><mor-post><mw><pos><c>aux</c></pos><stem>be</stem><mk type="sfxf">3S</mk></mw></mor-post></mor></w>
    <w>asked<mor type="mor"><mw><pos><c>part</c></pos><stem>ask</stem><mk type="sfx">PASTP</mk></mw></mor></w>
    <w>loads<mor type="mor"><mw><pos><c>n</c></pos><stem>load</stem><mk type="sfx">PL</mk></mw></mor></w>
    <w>of<mor type="mor"><mw><pos><c>prep</c></pos><stem>of</stem></mw></mor></w>
    <w>other<mor type="mor"><mw><pos><c>qn</c></pos><stem>other</stem></mw></mor></w>
    <w>people<mor type="mor"><mw><pos><c>n</c></pos><stem>person</stem><mk type="sfxf">PL</mk></mw></mor></w>
    <w>and<mor type="mor"><mw><pos><c>coord</c></pos><stem>and</stem></mw></mor></w>
    <w>then<mor type="mor"><mw><pos><c>adv</c><s>tem</s></pos><stem>then</stem></mw></mor></w>
    <w>she'll<mor type="mor"><mw><pos><c>pro</c><s>sub</s></pos><stem>she</stem></mw><mor-post><mw><pos><c>mod</c></pos><stem>will</stem></mw></mor-post></mor></w>
    <w>ask<mor type="mor"><mw><pos><c>v</c></pos><stem>ask</stem></mw></mor></w>
    <w>you<mor type="mor"><mw><pos><c>pro</c></pos><stem>you</stem></mw></mor></w>
    <w><shortening>be</shortening>cause<mor type="mor"><mw><pos><c>conj</c></pos><stem>because</stem></mw></mor></w>
    <w>you're<mor type="mor"><mw><pos><c>pro</c></pos><stem>you</stem></mw><mor-post><mw><pos><c>cop</c></pos><stem>be</stem><mk type="sfxf">PRES</mk></mw></mor-post></mor></w>
    <w>like<mor type="mor"><mw><pos><c>prep</c></pos><stem>like</stem></mw></mor></w>
    <w>the<mor type="mor"><mw><pos><c>art</c></pos><stem>the</stem></mw></mor></w>
    <w>last<mor type="mor"><mw><pos><c>adj</c></pos><stem>last</stem></mw></mor></w>
    <w>resort<mor type="mor"><mw><pos><c>n</c></pos><stem>resort</stem></mw></mor></w>
    <t type="p"><mor type="mor"><mt type="p"/></mor></t>

  </u>
  <u who="INV" uID="u8">
    <w type="fragment" untranscribed="untranscribed">www</w>
    <t type="p"></t>

    <a type="explanation">investigator talks as disc is turned off .</a>
  </u>
</CHAT>