<?xml version="1.0" encoding="UTF-8"?>

<CHAT xmlns:xsi="http://www.w3.org/2001/XMLSchema-instance"
      xmlns="http://www.talkbank.org/ns/talkbank"
      xsi:schemaLocation="http://www.talkbank.org/ns/talkbank http://talkbank.org/software/talkbank.xsd"
      PID="11312/c-00005014-1"
      Version="2.1.0"
      Lang="eng"
      Corpus="Conti4"
      Date="2002-12-18">
  <Participants>
    <participant
      id="INV"
    name="Dee"
      role="Investigator"
      language="eng"

    />
    <participant
      id="CHI"
      role="Target_Child"
      language="eng"
      age="P15Y6M12D"

    />
  </Participants>
  <comment type="Date">18-DEC-2002</comment>
  <comment type="Transcriber">Dee</comment>
  <comment type="Situation">Participants were in a quiet room at school. Question asked: who is the most annoying person you know and give reasons?</comment>
  <u who="INV" uID="u0">
    <w type="fragment" untranscribed="untranscribed">www</w>
    <t type="p"></t>

    <a type="explanation">child and investigator talk briefly before narrative begins .</a>
  </u>
  <u who="CHI" uID="u1">
    <w type="fragment">um</w>
    <w>he<mor type="mor"><mw><pos><c>pro</c><s>sub</s></pos><stem>he</stem></mw></mor></w>
    <w>always<mor type="mor"><mw><pos><c>adv</c></pos><stem>always</stem></mw></mor></w>
    <w>taps<mor type="mor"><mw><pos><c>v</c></pos><stem>tap</stem><mk type="sfx">3S</mk></mw></mor></w>
    <w>you<mor type="mor"><mw><pos><c>pro</c></pos><stem>you</stem></mw></mor></w>
    <w>on<mor type="mor"><mw><pos><c>prep</c></pos><stem>on</stem></mw></mor></w>
    <w>the<mor type="mor"><mw><pos><c>art</c></pos><stem>the</stem></mw></mor></w>
    <w>shoulder<mor type="mor"><mw><pos><c>n</c></pos><stem>shoulder</stem></mw></mor></w>
    <w>for<mor type="mor"><mw><pos><c>prep</c></pos><stem>for</stem></mw></mor></w>
    <w>ages<mor type="mor"><mw><pos><c>n</c></pos><stem>age</stem><mk type="sfx">PL</mk></mw></mor></w>
    <w>just<mor type="mor"><mw><pos><c>adv</c></pos><stem>just</stem></mw></mor></w>
    <w>to<mor type="mor"><mw><pos><c>inf</c></pos><stem>to</stem></mw></mor></w>
    <w>put<mor type="mor"><mw><pos><c>v</c></pos><stem>put</stem><mk type="sfxf">ZERO</mk></mw></mor></w>
    <w>your<mor type="mor"><mw><pos><c>pro</c><s>poss</s><s>det</s></pos><stem>your</stem></mw></mor></w>
    <w>thumb<mor type="mor"><mw><pos><c>n</c></pos><stem>thumb</stem></mw></mor></w>
    <w>up<mor type="mor"><mw><pos><c>adv</c></pos><stem>up</stem></mw></mor></w>
    <w>to<mor type="mor"><mw><pos><c>prep</c></pos><stem>to</stem></mw></mor></w>
    <w>you<mor type="mor"><mw><pos><c>pro</c></pos><stem>you</stem></mw></mor></w>
    <t type="p"><mor type="mor"><mt type="p"/></mor></t>

  </u>
  <u who="CHI" uID="u2">
    <w>and<mor type="mor"><mw><pos><c>coord</c></pos><stem>and</stem></mw></mor></w>
    <w>he<mor type="mor"><mw><pos><c>pro</c><s>sub</s></pos><stem>he</stem></mw></mor></w>
    <w>just<mor type="mor"><mw><pos><c>adv</c></pos><stem>just</stem></mw></mor></w>
    <w>does<mor type="mor"><mw><pos><c>mod</c></pos><stem>do</stem><mk type="sfxf">3S</mk></mw></mor></w>
    <w>it<mor type="mor"><mw><pos><c>pro</c></pos><stem>it</stem></mw></mor></w>
    <w>again<mor type="mor"><mw><pos><c>adv</c></pos><stem>again</stem></mw></mor></w>
    <w>and<mor type="mor"><mw><pos><c>coord</c></pos><stem>and</stem></mw></mor></w>
    <w>again<mor type="mor"><mw><pos><c>adv</c></pos><stem>again</stem></mw></mor></w>
    <w><shortening>be</shortening>cause<mor type="mor"><mw><pos><c>conj</c></pos><stem>because</stem></mw></mor></w>
    <w>he<mor type="mor"><mw><pos><c>pro</c><s>sub</s></pos><stem>he</stem></mw></mor></w>
    <w>knows<mor type="mor"><mw><pos><c>v</c></pos><stem>know</stem><mk type="sfx">3S</mk></mw></mor></w>
    <w>it<mor type="mor"><mw><pos><c>pro</c></pos><stem>it</stem></mw></mor></w>
    <w>is<mor type="mor"><mw><pos><c>cop</c></pos><stem>be</stem><mk type="sfxf">3S</mk></mw></mor></w>
    <w>really<mor type="mor"><mw><pos><c>adv</c></pos><stem>real</stem><mk type="sfxf">dadj</mk><mk type="sfx">LY</mk></mw></mor></w>
    <w>annoying<mor type="mor"><mw><pos><c>part</c></pos><stem>annoy</stem><mk type="sfx">PRESP</mk></mw></mor></w>
    <t type="p"><mor type="mor"><mt type="p"/></mor></t>

  </u>
  <u who="INV" uID="u3">
    <linker type="lazy overlap mark"/>
    <e><happening>laughs</happening></e>
    <t type="p"></t>

  </u>
  <u who="CHI" uID="u4">
    <w>and<mor type="mor"><mw><pos><c>coord</c></pos><stem>and</stem></mw></mor></w>
    <w>he's<mor type="mor"><mw><pos><c>pro</c><s>sub</s></pos><stem>he</stem></mw><mor-post><mw><pos><c>aux</c></pos><stem>be</stem><mk type="sfxf">3S</mk></mw></mor-post></mor></w>
    <w>really<mor type="mor"><mw><pos><c>adv</c></pos><stem>real</stem><mk type="sfxf">dadj</mk><mk type="sfx">LY</mk></mw></mor></w>
    <w>into<mor type="mor"><mw><pos><c>prep</c></pos><stem>into</stem></mw></mor></w>
    <w>football<mor type="mor"><mwc><pos><c>n</c></pos><mw><pos><c>n</c></pos><stem>foot</stem></mw><mw><pos><c>n</c></pos><stem>ball</stem></mw></mwc></mor></w>
    <t type="p"><mor type="mor"><mt type="p"/></mor></t>

  </u>
  <u who="CHI" uID="u5">
    <w>like<mor type="mor"><mw><pos><c>conj</c></pos><stem>like</stem></mw></mor></w>
    <w>I<mor type="mor"><mw><pos><c>pro</c><s>sub</s></pos><stem>I</stem></mw></mor></w>
    <w>like<mor type="mor"><mw><pos><c>v</c></pos><stem>like</stem></mw></mor></w>
    <w>football<mor type="mor"><mwc><pos><c>n</c></pos><mw><pos><c>n</c></pos><stem>foot</stem></mw><mw><pos><c>n</c></pos><stem>ball</stem></mw></mwc></mor></w>
    <w>as_well<mor type="mor"><mw><pos><c>adv</c></pos><stem>as_well</stem></mw></mor></w>
    <w>but<mor type="mor"><mw><pos><c>conj</c></pos><stem>but</stem></mw></mor></w>
    <w>not<mor type="mor"><mw><pos><c>neg</c></pos><stem>not</stem></mw></mor></w>
    <w>as<mor type="mor"><mw><pos><c>prep</c></pos><stem>as</stem></mw></mor></w>
    <w>much<mor type="mor"><mw><pos><c>adv</c></pos><stem>much</stem></mw></mor></w>
    <w>as<mor type="mor"><mw><pos><c>adv</c></pos><stem>as</stem></mw></mor></w>
    <w>he's<mor type="mor"><mw><pos><c>pro</c><s>sub</s></pos><stem>he</stem></mw><mor-post><mw><pos><c>aux</c></pos><stem>be</stem><mk type="sfxf">3S</mk></mw></mor-post></mor></w>
    <w>into<mor type="mor"><mw><pos><c>prep</c></pos><stem>into</stem></mw></mor></w>
    <w>football<mor type="mor"><mwc><pos><c>n</c></pos><mw><pos><c>n</c></pos><stem>foot</stem></mw><mw><pos><c>n</c></pos><stem>ball</stem></mw></mwc></mor></w>
    <t type="p"><mor type="mor"><mt type="p"/></mor></t>

  </u>
  <u who="CHI" uID="u6">
    <w>he<mor type="mor"><mw><pos><c>pro</c><s>sub</s></pos><stem>he</stem></mw></mor></w>
    <w>never<mor type="mor"><mw><pos><c>adv</c></pos><stem>never</stem></mw></mor></w>
    <w>gets<mor type="mor"><mw><pos><c>v</c></pos><stem>get</stem><mk type="sfx">3S</mk></mw></mor></w>
    <w>bored<mor type="mor"><mw><pos><c>v</c></pos><stem>bore</stem><mk type="sfx">PAST</mk></mw></mor></w>
    <w>of<mor type="mor"><mw><pos><c>prep</c></pos><stem>of</stem></mw></mor></w>
    <w>any<mor type="mor"><mw><pos><c>qn</c></pos><stem>any</stem></mw></mor></w>
    <w>football<mor type="mor"><mwc><pos><c>n</c></pos><mw><pos><c>n</c></pos><stem>foot</stem></mw><mw><pos><c>n</c></pos><stem>ball</stem></mw></mwc></mor></w>
    <w>computer<mor type="mor"><mw><pos><c>n</c></pos><stem>compute</stem><mk type="sfxf">dv</mk><mk type="sfx">AGT</mk></mw></mor></w>
    <w>games<mor type="mor"><mw><pos><c>n</c></pos><stem>game</stem><mk type="sfx">PL</mk></mw></mor></w>
    <w>or<mor type="mor"><mw><pos><c>coord</c></pos><stem>or</stem></mw></mor></w>
    <w>anything<mor type="mor"><mw><pos><c>pro</c><s>indef</s></pos><stem>anything</stem></mw></mor></w>
    <tagMarker type="comma"><mor type="mor"><mw><pos><c>cm</c></pos><stem>cm</stem></mw></mor></tagMarker>
    <w>even<mor type="mor"><mw><pos><c>adv</c></pos><stem>even</stem></mw></mor></w>
    <w>if<mor type="mor"><mw><pos><c>conj</c></pos><stem>if</stem></mw></mor></w>
    <w>they're<mor type="mor"><mw><pos><c>pro</c><s>sub</s></pos><stem>they</stem></mw><mor-post><mw><pos><c>cop</c></pos><stem>be</stem><mk type="sfxf">PRES</mk></mw></mor-post></mor></w>
    <w>rubbish<mor type="mor"><mw><pos><c>n</c></pos><stem>rubbish</stem></mw></mor></w>
    <t type="p"><mor type="mor"><mt type="p"/></mor></t>

  </u>
  <u who="CHI" uID="u7">
    <w>he'll<mor type="mor"><mw><pos><c>pro</c><s>sub</s></pos><stem>he</stem></mw><mor-post><mw><pos><c>mod</c></pos><stem>will</stem></mw></mor-post></mor></w>
    <w>just<mor type="mor"><mw><pos><c>adv</c></pos><stem>just</stem></mw></mor></w>
    <w>play<mor type="mor"><mw><pos><c>n</c></pos><stem>play</stem></mw></mor></w>
    <w>them<mor type="mor"><mw><pos><c>pro</c><s>obj</s></pos><stem>them</stem></mw></mor></w>
    <w>all<mor type="mor"><mw><pos><c>adv</c></pos><stem>all</stem></mw></mor></w>
    <w>night<mor type="mor"><mw><pos><c>n</c></pos><stem>night</stem></mw></mor></w>
    <w>and<mor type="mor"><mw><pos><c>coord</c></pos><stem>and</stem></mw></mor></w>
    <w>never<mor type="mor"><mw><pos><c>adv</c></pos><stem>never</stem></mw></mor></w>
    <w>gets<mor type="mor"><mw><pos><c>v</c></pos><stem>get</stem><mk type="sfx">3S</mk></mw></mor></w>
    <w>tired<mor type="mor"><mw><pos><c>part</c></pos><stem>tire</stem><mk type="sfx">PASTP</mk></mw></mor></w>
    <t type="p"><mor type="mor"><mt type="p"/></mor></t>

  </u>
  <u who="INV" uID="u8">
    <linker type="lazy overlap mark"/>
    <w>yeah<mor type="mor"><mw><pos><c>co</c></pos><stem>yeah</stem></mw></mor></w>
    <t type="p"><mor type="mor"><mt type="p"/></mor></t>

  </u>
  <u who="CHI" uID="u9">
    <w>never<mor type="mor"><mw><pos><c>adv</c></pos><stem>never</stem></mw></mor></w>
    <w>fall<mor type="mor"><mw><pos><c>n</c></pos><stem>fall</stem></mw></mor></w>
    <w>asleep<mor type="mor"><mw><pos><c>adv</c></pos><stem>asleep</stem></mw></mor></w>
    <t type="p"><mor type="mor"><mt type="p"/></mor></t>

  </u>
  <u who="CHI" uID="u10">
    <w>yeah<mor type="mor"><mw><pos><c>co</c></pos><stem>yeah</stem></mw></mor></w>
    <w>he<mor type="mor"><mw><pos><c>pro</c><s>sub</s></pos><stem>he</stem></mw></mor></w>
    <w>can<mor type="mor"><mw><pos><c>mod</c></pos><stem>can</stem></mw></mor></w>
    <w>never<mor type="mor"><mw><pos><c>adv</c></pos><stem>never</stem></mw></mor></w>
    <w>fall<mor type="mor"><mw><pos><c>n</c></pos><stem>fall</stem></mw></mor></w>
    <w>asleep<mor type="mor"><mw><pos><c>adv</c></pos><stem>asleep</stem></mw></mor></w>
    <t type="p"><mor type="mor"><mt type="p"/></mor></t>

  </u>
  <u who="CHI" uID="u11">
    <w>so<mor type="mor"><mw><pos><c>adv</c></pos><stem>so</stem></mw></mor></w>
    <w>if<mor type="mor"><mw><pos><c>conj</c></pos><stem>if</stem></mw></mor></w>
    <w>he's<mor type="mor"><mw><pos><c>pro</c><s>sub</s></pos><stem>he</stem></mw><mor-post><mw><pos><c>cop</c></pos><stem>be</stem><mk type="sfxf">3S</mk></mw></mor-post></mor></w>
    <w>at<mor type="mor"><mw><pos><c>prep</c></pos><stem>at</stem></mw></mor></w>
    <w>your<mor type="mor"><mw><pos><c>pro</c><s>poss</s><s>det</s></pos><stem>your</stem></mw></mor></w>
    <w>house<mor type="mor"><mw><pos><c>n</c></pos><stem>house</stem></mw></mor></w>
    <w>and<mor type="mor"><mw><pos><c>coord</c></pos><stem>and</stem></mw></mor></w>
    <w>you<mor type="mor"><mw><pos><c>pro</c></pos><stem>you</stem></mw></mor></w>
    <w>want<mor type="mor"><mw><pos><c>v</c></pos><stem>want</stem></mw></mor></w>
    <w>to<mor type="mor"><mw><pos><c>prep</c></pos><stem>to</stem></mw></mor></w>
    <w>fall<mor type="mor"><mw><pos><c>n</c></pos><stem>fall</stem></mw></mor></w>
    <w>asleep<mor type="mor"><mw><pos><c>adv</c></pos><stem>asleep</stem></mw></mor></w>
    <tagMarker type="comma"><mor type="mor"><mw><pos><c>cm</c></pos><stem>cm</stem></mw></mor></tagMarker>
    <w>he'll<mor type="mor"><mw><pos><c>pro</c><s>sub</s></pos><stem>he</stem></mw><mor-post><mw><pos><c>mod</c></pos><stem>will</stem></mw></mor-post></mor></w>
    <w>never<mor type="mor"><mw><pos><c>adv</c></pos><stem>never</stem></mw></mor></w>
    <w>fall<mor type="mor"><mw><pos><c>v</c></pos><stem>fall</stem></mw></mor></w>
    <w>asleep<mor type="mor"><mw><pos><c>adv</c></pos><stem>asleep</stem></mw></mor></w>
    <t type="p"><mor type="mor"><mt type="p"/></mor></t>

  </u>
  <u who="CHI" uID="u12">
    <w>and<mor type="mor"><mw><pos><c>coord</c></pos><stem>and</stem></mw></mor></w>
    <g><w>you'll</w>
    <w>always</w><k type="retracing with correction"/></g>
    <e><action/><error/></e>
    <w>wake<mor type="mor"><mw><pos><c>v</c></pos><stem>wake</stem></mw></mor></w>
    <w>you<mor type="mor"><mw><pos><c>pro</c></pos><stem>you</stem></mw></mor></w>
    <w>up<mor type="mor"><mw><pos><c>prep</c></pos><stem>up</stem></mw></mor></w>
    <w>all<mor type="mor"><mw><pos><c>qn</c></pos><stem>all</stem></mw></mor></w>
    <w>the<mor type="mor"><mw><pos><c>art</c></pos><stem>the</stem></mw></mor></w>
    <w>time<mor type="mor"><mw><pos><c>n</c></pos><stem>time</stem></mw></mor></w>
    <w>when<mor type="mor"><mw><pos><c>conj</c></pos><stem>when</stem></mw></mor></w>
    <w>he<mor type="mor"><mw><pos><c>pro</c><s>sub</s></pos><stem>he</stem></mw></mor></w>
    <w>is<mor type="mor"><mw><pos><c>cop</c></pos><stem>be</stem><mk type="sfxf">3S</mk></mw></mor></w>
    <w>round<mor type="mor"><mw><pos><c>adv</c></pos><stem>round</stem></mw></mor></w>
    <t type="e"><mor type="mor"><mt type="e"/></mor></t>

    <a type="errcoding">0 = he'll</a>
  </u>
  <u who="INV" uID="u13">
    <linker type="lazy overlap mark"/>
    <e><happening>laughs</happening></e>
    <t type="p"></t>

  </u>
  <u who="INV" uID="u14">
    <w type="fragment" untranscribed="untranscribed">www</w>
    <t type="p"></t>

    <a type="explanation">investigator talks as disc is turned off .</a>
  </u>
</CHAT>