<?xml version="1.0" encoding="UTF-8"?>

<CHAT xmlns:xsi="http://www.w3.org/2001/XMLSchema-instance"
      xmlns="http://www.talkbank.org/ns/talkbank"
      xsi:schemaLocation="http://www.talkbank.org/ns/talkbank http://talkbank.org/software/talkbank.xsd"
      PID="11312/c-00004809-1"
      Version="2.1.0"
      Lang="eng"
      Corpus="Conti4"
      Date="2003-03-20">
  <Participants>
    <participant
      id="INV"
    name="Zoe"
      role="Investigator"
      language="eng"

    />
    <participant
      id="CHI"
      role="Target_Child"
      language="eng"
      age="P14Y11M22D"

    />
    <participant
      id="HEL"
    name="Helen"
      role="Investigator"
      language="eng"

    />
  </Participants>
  <comment type="Date">20-MAR-2003</comment>
  <comment type="Transcriber">Dee</comment>
  <comment type="Situation">Participants were in a quiet room at Child's home. Question asked: who is the most annoying person you know and give reasons?</comment>
  <u who="INV" uID="u0">
    <w type="fragment" untranscribed="untranscribed">www</w>
    <t type="p"></t>

    <a type="explanation">child and investigator talk briefly before narrative begins .</a>
  </u>
  <u who="CHI" uID="u1">
    <e><action/><error/></e>
    <e><action/><error/></e>
    <w>very<mor type="mor"><mw><pos><c>adv</c></pos><stem>very</stem></mw></mor></w>
    <w>noisy<mor type="mor"><mw><pos><c>adj</c></pos><stem>noise</stem><mk type="sfxf">dn</mk><mk type="sfx">Y</mk></mw></mor></w>
    <t type="p"><mor type="mor"><mt type="p"/></mor></t>

    <a type="errcoding">0 = he; 0 = is</a>
  </u>
  <u who="CHI" uID="u2">
    <w>and<mor type="mor"><mw><pos><c>coord</c></pos><stem>and</stem></mw></mor></w>
    <w>he<mor type="mor"><mw><pos><c>pro</c><s>sub</s></pos><stem>he</stem></mw></mor></w>
    <w>can<mor type="mor"><mw><pos><c>mod</c></pos><stem>can</stem></mw></mor></w>
    <w>be<mor type="mor"><mw><pos><c>cop</c></pos><stem>be</stem></mw></mor></w>
    <w>very<mor type="mor"><mw><pos><c>adv</c></pos><stem>very</stem></mw></mor></w>
    <w>annoying<mor type="mor"><mw><pos><c>part</c></pos><stem>annoy</stem><mk type="sfx">PRESP</mk></mw></mor></w>
    <t type="p"><mor type="mor"><mt type="p"/></mor></t>

  </u>
  <u who="INV" uID="u3">
    <g><w>is</w>
    <w>he</w><k type="false start"/></g>
    <w>he<mor type="mor"><mw><pos><c>pro</c><s>sub</s></pos><stem>he</stem></mw></mor></w>
    <w>is<mor type="mor"><mw><pos><c>aux</c></pos><stem>be</stem><mk type="sfxf">3S</mk></mw></mor></w>
    <w>annoying<mor type="mor"><mw><pos><c>part</c></pos><stem>annoy</stem><mk type="sfx">PRESP</mk></mw></mor></w>
    <w>everyday<mor type="mor"><mw><pos><c>adj</c></pos><stem>everyday</stem></mw></mor></w>
    <tagMarker type="tag"><mor type="mor"><mw><pos><c>end</c></pos><stem>end</stem></mw></mor></tagMarker>
    <w>is<mor type="mor"><mw><pos><c>cop</c></pos><stem>be</stem><mk type="sfxf">3S</mk></mw></mor></w>
    <w>he<mor type="mor"><mw><pos><c>pro</c><s>sub</s></pos><stem>he</stem></mw></mor></w>
    <t type="q"><mor type="mor"><mt type="q"/></mor></t>

  </u>
  <u who="CHI" uID="u4">
    <w>yeah<mor type="mor"><mw><pos><c>co</c></pos><stem>yeah</stem></mw></mor></w>
    <w>sometimes<mor type="mor"><mw><pos><c>adv</c></pos><stem>sometimes</stem></mw></mor></w>
    <t type="p"><mor type="mor"><mt type="p"/></mor></t>

  </u>
  <u who="INV" uID="u5">
    <w>and<mor type="mor"><mw><pos><c>coord</c></pos><stem>and</stem></mw></mor></w>
    <g><w>what</w>
    <w>else</w><k type="retracing with correction"/></g>
    <w>what<mor type="mor"><mw><pos><c>pro</c><s>wh</s></pos><stem>what</stem></mw></mor></w>
    <w>else<mor type="mor"><mw><pos><c>post</c></pos><stem>else</stem></mw></mor></w>
    <w>does<mor type="mor"><mw><pos><c>v</c></pos><stem>do</stem><mk type="sfxf">3S</mk></mw></mor></w>
    <w>he<mor type="mor"><mw><pos><c>pro</c><s>sub</s></pos><stem>he</stem></mw></mor></w>
    <w>do<mor type="mor"><mw><pos><c>v</c></pos><stem>do</stem></mw></mor></w>
    <t type="q"><mor type="mor"><mt type="q"/></mor></t>

  </u>
  <u who="CHI" uID="u6">
    <w>and<mor type="mor"><mw><pos><c>coord</c></pos><stem>and</stem></mw></mor></w>
    <w type="fragment">er</w>
    <w>he<mor type="mor"><mw><pos><c>pro</c><s>sub</s></pos><stem>he</stem></mw></mor></w>
    <w>doesn't<mor type="mor"><mw><pos><c>mod</c></pos><stem>do</stem><mk type="sfxf">3S</mk></mw><mor-post><mw><pos><c>neg</c></pos><stem>not</stem></mw></mor-post></mor></w>
    <w>do<mor type="mor"><mw><pos><c>v</c></pos><stem>do</stem></mw></mor></w>
    <w>what<mor type="mor"><mw><pos><c>pro</c><s>wh</s></pos><stem>what</stem></mw></mor></w>
    <w>the<mor type="mor"><mw><pos><c>art</c></pos><stem>the</stem></mw></mor></w>
    <w>teacher<mor type="mor"><mw><pos><c>n</c></pos><stem>teach</stem><mk type="sfxf">dv</mk><mk type="sfx">AGT</mk></mw></mor></w>
    <g><w>does</w><k type="retracing with correction"/></g>
    <w>tells<mor type="mor"><mw><pos><c>v</c></pos><stem>tell</stem><mk type="sfx">3S</mk></mw></mor></w>
    <w>him<mor type="mor"><mw><pos><c>pro</c><s>obj</s></pos><stem>him</stem></mw></mor></w>
    <w>to<mor type="mor"><mw><pos><c>inf</c></pos><stem>to</stem></mw></mor></w>
    <w>do<mor type="mor"><mw><pos><c>v</c></pos><stem>do</stem></mw></mor></w>
    <t type="p"><mor type="mor"><mt type="p"/></mor></t>

  </u>
  <u who="INV" uID="u7">
    <w>right<mor type="mor"><mw><pos><c>co</c></pos><stem>right</stem></mw></mor></w>
    <t type="p"><mor type="mor"><mt type="p"/></mor></t>

  </u>
  <u who="CHI" uID="u8">
    <w>and<mor type="mor"><mw><pos><c>coord</c></pos><stem>and</stem></mw></mor></w>
    <w>he<mor type="mor"><mw><pos><c>pro</c><s>sub</s></pos><stem>he</stem></mw></mor></w>
    <w>just<mor type="mor"><mw><pos><c>adv</c></pos><stem>just</stem></mw></mor></w>
    <w>ignores<mor type="mor"><mw><pos><c>v</c></pos><stem>ignore</stem><mk type="sfx">3S</mk></mw></mor></w>
    <w>the<mor type="mor"><mw><pos><c>art</c></pos><stem>the</stem></mw></mor></w>
    <w>teacher<mor type="mor"><mw><pos><c>n</c></pos><stem>teach</stem><mk type="sfxf">dv</mk><mk type="sfx">AGT</mk></mw></mor></w>
    <w>and<mor type="mor"><mw><pos><c>coord</c></pos><stem>and</stem></mw></mor></w>
    <w>keeps<mor type="mor"><mw><pos><c>v</c></pos><stem>keep</stem><mk type="sfx">3S</mk></mw></mor></w>
    <w>on<mor type="mor"><mw><pos><c>adv</c></pos><stem>on</stem></mw></mor></w>
    <w>talking<mor type="mor"><mw><pos><c>part</c></pos><stem>talk</stem><mk type="sfx">PRESP</mk></mw></mor></w>
    <w>all<mor type="mor"><mw><pos><c>qn</c></pos><stem>all</stem></mw></mor></w>
    <w>the<mor type="mor"><mw><pos><c>art</c></pos><stem>the</stem></mw></mor></w>
    <w>time<mor type="mor"><mw><pos><c>n</c></pos><stem>time</stem></mw></mor></w>
    <t type="p"><mor type="mor"><mt type="p"/></mor></t>

  </u>
  <u who="INV" uID="u9">
    <w>does<mor type="mor"><mw><pos><c>mod</c></pos><stem>do</stem><mk type="sfxf">3S</mk></mw></mor></w>
    <w>he<mor type="mor"><mw><pos><c>pro</c><s>sub</s></pos><stem>he</stem></mw></mor></w>
    <t type="q"><mor type="mor"><mt type="q"/></mor></t>

  </u>
  <u who="CHI" uID="u10">
    <w>yeah<mor type="mor"><mw><pos><c>co</c></pos><stem>yeah</stem></mw></mor></w>
    <t type="p"><mor type="mor"><mt type="p"/></mor></t>

  </u>
  <u who="INV" uID="u11">
    <w>what<mor type="mor"><mw><pos><c>pro</c><s>wh</s></pos><stem>what</stem></mw></mor></w>
    <w>else<mor type="mor"><mw><pos><c>post</c></pos><stem>else</stem></mw></mor></w>
    <t type="q"><mor type="mor"><mt type="q"/></mor></t>

  </u>
  <u who="CHI" uID="u12">
    <e><action/><error/></e>
    <w>keeps<mor type="mor"><mw><pos><c>v</c></pos><stem>keep</stem><mk type="sfx">3S</mk></mw></mor></w>
    <w>his<mor type="mor"><mw><pos><c>pro</c><s>poss</s><s>det</s></pos><stem>his</stem></mw></mor></w>
    <w>hat<mor type="mor"><mw><pos><c>n</c></pos><stem>hat</stem></mw></mor></w>
    <w>on<mor type="mor"><mw><pos><c>prep</c></pos><stem>on</stem></mw></mor></w>
    <w>all<mor type="mor"><mw><pos><c>qn</c></pos><stem>all</stem></mw></mor></w>
    <w>the<mor type="mor"><mw><pos><c>art</c></pos><stem>the</stem></mw></mor></w>
    <w>time<mor type="mor"><mw><pos><c>n</c></pos><stem>time</stem></mw></mor></w>
    <t type="p"><mor type="mor"><mt type="p"/></mor></t>

    <a type="errcoding">0 = he</a>
  </u>
  <u who="INV" uID="u13">
    <e><happening>laugh</happening></e>
    <w>all<mor type="mor"><mw><pos><c>qn</c></pos><stem>all</stem></mw></mor></w>
    <w>the<mor type="mor"><mw><pos><c>art</c></pos><stem>the</stem></mw></mor></w>
    <w>time<mor type="mor"><mw><pos><c>n</c></pos><stem>time</stem></mw></mor></w>
    <t type="q"><mor type="mor"><mt type="q"/></mor></t>

  </u>
  <u who="CHI" uID="u14">
    <w>yeah<mor type="mor"><mw><pos><c>co</c></pos><stem>yeah</stem></mw></mor></w>
    <t type="p"><mor type="mor"><mt type="p"/></mor></t>

  </u>
  <u who="CHI" uID="u15">
    <w>and<mor type="mor"><mw><pos><c>coord</c></pos><stem>and</stem></mw></mor></w>
    <w>then<mor type="mor"><mw><pos><c>adv</c><s>tem</s></pos><stem>then</stem></mw></mor></w>
    <w>the<mor type="mor"><mw><pos><c>art</c></pos><stem>the</stem></mw></mor></w>
    <w>teacher<mor type="mor"><mw><pos><c>n</c></pos><stem>teach</stem><mk type="sfxf">dv</mk><mk type="sfx">AGT</mk></mw></mor></w>
    <w>nags<mor type="mor"><mw><pos><c>v</c></pos><stem>nag</stem><mk type="sfx">3S</mk></mw></mor></w>
    <w>at<mor type="mor"><mw><pos><c>prep</c></pos><stem>at</stem></mw></mor></w>
    <w>him<mor type="mor"><mw><pos><c>pro</c><s>obj</s></pos><stem>him</stem></mw></mor></w>
    <w>to<mor type="mor"><mw><pos><c>inf</c></pos><stem>to</stem></mw></mor></w>
    <w>take<mor type="mor"><mw><pos><c>v</c></pos><stem>take</stem></mw></mor></w>
    <w>it<mor type="mor"><mw><pos><c>pro</c></pos><stem>it</stem></mw></mor></w>
    <w>off<mor type="mor"><mw><pos><c>adv</c></pos><stem>off</stem></mw></mor></w>
    <t type="p"><mor type="mor"><mt type="p"/></mor></t>

  </u>
  <u who="CHI" uID="u16">
    <w>and<mor type="mor"><mw><pos><c>coord</c></pos><stem>and</stem></mw></mor></w>
    <w>then<mor type="mor"><mw><pos><c>adv</c><s>tem</s></pos><stem>then</stem></mw></mor></w>
    <w>he<mor type="mor"><mw><pos><c>pro</c><s>sub</s></pos><stem>he</stem></mw></mor></w>
    <w>finally<mor type="mor"><mw><pos><c>adv</c></pos><stem>final</stem><mk type="sfxf">dadj</mk><mk type="sfx">LY</mk></mw></mor></w>
    <w>takes<mor type="mor"><mw><pos><c>v</c></pos><stem>take</stem><mk type="sfx">3S</mk></mw></mor></w>
    <w>it<mor type="mor"><mw><pos><c>pro</c></pos><stem>it</stem></mw></mor></w>
    <w>off<mor type="mor"><mw><pos><c>adv</c></pos><stem>off</stem></mw></mor></w>
    <t type="p"><mor type="mor"><mt type="p"/></mor></t>

  </u>
  <u who="INV" uID="u17">
    <w>right<mor type="mor"><mw><pos><c>co</c></pos><stem>right</stem></mw></mor></w>
    <t type="p"><mor type="mor"><mt type="p"/></mor></t>

  </u>
  <u who="CHI" uID="u18">
    <w>and<mor type="mor"><mw><pos><c>coord</c></pos><stem>and</stem></mw></mor></w>
    <w type="fragment">er</w>
    <e><action/><error/></e>
    <w>sometimes<mor type="mor"><mw><pos><c>adv</c></pos><stem>sometimes</stem></mw></mor></w>
    <w>takes<mor type="mor"><mw><pos><c>v</c></pos><stem>take</stem><mk type="sfx">3S</mk></mw></mor></w>
    <w>the<mor type="mor"><mw><pos><c>art</c></pos><stem>the</stem></mw></mor></w>
    <w>mick<mor type="mor"><mw><pos><c>n</c></pos><stem>mick</stem></mw></mor></w>
    <w>out_of<mor type="mor"><mw><pos><c>prep</c></pos><stem>out_of</stem></mw></mor></w>
    <w>what<mor type="mor"><mw><pos><c>pro</c><s>wh</s></pos><stem>what</stem></mw></mor></w>
    <w>I<mor type="mor"><mw><pos><c>pro</c><s>sub</s></pos><stem>I</stem></mw></mor></w>
    <w>say<mor type="mor"><mw><pos><c>v</c></pos><stem>say</stem></mw></mor></w>
    <t type="p"><mor type="mor"><mt type="p"/></mor></t>

    <a type="errcoding">0 = he</a>
  </u>
  <u who="CHI" uID="u19">
    <w>sometimes<mor type="mor"><mw><pos><c>adv</c></pos><stem>sometimes</stem></mw></mor></w>
    <t type="p"><mor type="mor"><mt type="p"/></mor></t>

  </u>
  <u who="INV" uID="u20">
    <w>does<mor type="mor"><mw><pos><c>mod</c></pos><stem>do</stem><mk type="sfxf">3S</mk></mw></mor></w>
    <w>he<mor type="mor"><mw><pos><c>pro</c><s>sub</s></pos><stem>he</stem></mw></mor></w>
    <t type="q"><mor type="mor"><mt type="q"/></mor></t>

  </u>
  <u who="INV" uID="u21">
    <w>what<mor type="mor"><mw><pos><c>pro</c><s>wh</s></pos><stem>what</stem></mw></mor></w>
    <w>does<mor type="mor"><mw><pos><c>v</c></pos><stem>do</stem><mk type="sfxf">3S</mk></mw></mor></w>
    <w>he<mor type="mor"><mw><pos><c>pro</c><s>sub</s></pos><stem>he</stem></mw></mor></w>
    <w>say<mor type="mor"><mw><pos><c>v</c></pos><stem>say</stem></mw></mor></w>
    <t type="q"><mor type="mor"><mt type="q"/></mor></t>

  </u>
  <u who="CHI" uID="u22">
    <w>I<mor type="mor"><mw><pos><c>pro</c><s>sub</s></pos><stem>I</stem></mw></mor></w>
    <w>sometimes<mor type="mor"><mw><pos><c>adv</c></pos><stem>sometimes</stem></mw></mor></w>
    <w type="fragment">um</w>
    <w>talk<mor type="mor"><mw><pos><c>n</c></pos><stem>talk</stem></mw></mor></w>
    <w>about<mor type="mor"><mw><pos><c>prep</c></pos><stem>about</stem></mw></mor></w>
    <w type="fragment">um</w>
    <w>some<mor type="mor"><mw><pos><c>qn</c></pos><stem>some</stem></mw></mor></w>
    <w>things<mor type="mor"><mw><pos><c>n</c></pos><stem>thing</stem><mk type="sfx">PL</mk></mw></mor></w>
    <g><w>about</w>
    <w>my</w><k type="retracing with correction"/></g>
    <w>to<mor type="mor"><mw><pos><c>prep</c></pos><stem>to</stem></mw></mor></w>
    <w>my<mor type="mor"><mw><pos><c>pro</c><s>poss</s><s>det</s></pos><stem>my</stem></mw></mor></w>
    <w>friends<mor type="mor"><mw><pos><c>n</c></pos><stem>friend</stem><mk type="sfx">PL</mk></mw></mor></w>
    <t type="p"><mor type="mor"><mt type="p"/></mor></t>

  </u>
  <u who="CHI" uID="u23">
    <w>and<mor type="mor"><mw><pos><c>coord</c></pos><stem>and</stem></mw></mor></w>
    <w>then<mor type="mor"><mw><pos><c>adv</c><s>tem</s></pos><stem>then</stem></mw></mor></w>
    <w>he<mor type="mor"><mw><pos><c>pro</c><s>sub</s></pos><stem>he</stem></mw></mor></w>
    <g><w>s<shortening>ays</shortening></w><k type="retracing with correction"/></g>
    <w>takes<mor type="mor"><mw><pos><c>v</c></pos><stem>take</stem><mk type="sfx">3S</mk></mw></mor></w>
    <w>the<mor type="mor"><mw><pos><c>art</c></pos><stem>the</stem></mw></mor></w>
    <w>mick<mor type="mor"><mw><pos><c>n</c></pos><stem>mick</stem></mw></mor></w>
    <w>out_of<mor type="mor"><mw><pos><c>prep</c></pos><stem>out_of</stem></mw></mor></w>
    <w>it<mor type="mor"><mw><pos><c>pro</c></pos><stem>it</stem></mw></mor></w>
    <tagMarker type="comma"><mor type="mor"><mw><pos><c>cm</c></pos><stem>cm</stem></mw></mor></tagMarker>
    <w>saying<mor type="mor"><mw><pos><c>part</c></pos><stem>say</stem><mk type="sfx">PRESP</mk></mw></mor></w>
    <w>it<mor type="mor"><mw><pos><c>pro</c></pos><stem>it</stem></mw></mor></w>
    <w>back<mor type="mor"><mw><pos><c>adv</c></pos><stem>back</stem></mw></mor></w>
    <w>to<mor type="mor"><mw><pos><c>prep</c></pos><stem>to</stem></mw></mor></w>
    <w>me<mor type="mor"><mw><pos><c>pro</c><s>obj</s></pos><stem>me</stem></mw></mor></w>
    <tagMarker type="comma"><mor type="mor"><mw><pos><c>cm</c></pos><stem>cm</stem></mw></mor></tagMarker>
    <w>taking<mor type="mor"><mw><pos><c>part</c></pos><stem>take</stem><mk type="sfx">PRESP</mk></mw></mor></w>
    <w>the<mor type="mor"><mw><pos><c>art</c></pos><stem>the</stem></mw></mor></w>
    <w>mick<mor type="mor"><mw><pos><c>n</c></pos><stem>mick</stem></mw></mor></w>
    <w>out_of<mor type="mor"><mw><pos><c>prep</c></pos><stem>out_of</stem></mw></mor></w>
    <w>me<mor type="mor"><mw><pos><c>pro</c><s>obj</s></pos><stem>me</stem></mw></mor></w>
    <t type="p"><mor type="mor"><mt type="p"/></mor></t>

  </u>
  <u who="INV" uID="u24">
    <w>that's<mor type="mor"><mw><pos><c>pro</c><s>dem</s></pos><stem>that</stem></mw><mor-post><mw><pos><c>cop</c></pos><stem>be</stem><mk type="sfxf">3S</mk></mw></mor-post></mor></w>
    <w>not<mor type="mor"><mw><pos><c>neg</c></pos><stem>not</stem></mw></mor></w>
    <w>very<mor type="mor"><mw><pos><c>adv</c></pos><stem>very</stem></mw></mor></w>
    <w>nice<mor type="mor"><mw><pos><c>adj</c></pos><stem>nice</stem></mw></mor></w>
    <tagMarker type="comma"><mor type="mor"><mw><pos><c>cm</c></pos><stem>cm</stem></mw></mor></tagMarker>
    <w>is<mor type="mor"><mw><pos><c>aux</c></pos><stem>be</stem><mk type="sfxf">3S</mk></mw></mor></w>
    <w>it<mor type="mor"><mw><pos><c>pro</c></pos><stem>it</stem></mw></mor></w>
    <t type="q"><mor type="mor"><mt type="q"/></mor></t>

  </u>
  <u who="INV" uID="u25">
    <w>no<mor type="mor"><mw><pos><c>co</c></pos><stem>no</stem></mw></mor></w>
    <t type="p"><mor type="mor"><mt type="p"/></mor></t>

  </u>
  <u who="INV" uID="u26">
    <w>so<mor type="mor"><mw><pos><c>co</c></pos><stem>so</stem></mw></mor></w>
    <w>what<mor type="mor"><mw><pos><c>det</c><s>wh</s></pos><stem>what</stem></mw></mor></w>
    <w>other<mor type="mor"><mw><pos><c>qn</c></pos><stem>other</stem></mw></mor></w>
    <w>things<mor type="mor"><mw><pos><c>n</c></pos><stem>thing</stem><mk type="sfx">PL</mk></mw></mor></w>
    <w>does<mor type="mor"><mw><pos><c>mod</c></pos><stem>do</stem><mk type="sfxf">3S</mk></mw></mor></w>
    <w>he<mor type="mor"><mw><pos><c>pro</c><s>sub</s></pos><stem>he</stem></mw></mor></w>
    <w>do<mor type="mor"><mw><pos><c>v</c></pos><stem>do</stem></mw></mor></w>
    <t type="q"><mor type="mor"><mt type="q"/></mor></t>

  </u>
  <u who="CHI" uID="u27">
    <g><w type="fragment">er</w><ga type="paralinguistics">sighs</ga></g>
    <w>sometimes<mor type="mor"><mw><pos><c>adv</c></pos><stem>sometimes</stem></mw></mor></w>
    <w>he<mor type="mor"><mw><pos><c>pro</c><s>sub</s></pos><stem>he</stem></mw></mor></w>
    <w>keeps<mor type="mor"><mw><pos><c>v</c></pos><stem>keep</stem><mk type="sfx">3S</mk></mw></mor></w>
    <w>on<mor type="mor"><mw><pos><c>adv</c></pos><stem>on</stem></mw></mor></w>
    <w type="fragment">um</w>
    <w>poking<mor type="mor"><mw><pos><c>part</c></pos><stem>poke</stem><mk type="sfx">PRESP</mk></mw></mor></w>
    <w>me<mor type="mor"><mw><pos><c>pro</c><s>obj</s></pos><stem>me</stem></mw></mor></w>
    <w>and<mor type="mor"><mw><pos><c>coord</c></pos><stem>and</stem></mw></mor></w>
    <w>goes<mor type="mor"><mw><pos><c>v</c></pos><stem>go</stem><mk type="sfx">3S</mk></mw></mor></w>
    <w>back<mor type="mor"><mw><pos><c>adv</c></pos><stem>back</stem></mw></mor></w>
    <w>to<mor type="mor"><mw><pos><c>prep</c></pos><stem>to</stem></mw></mor></w>
    <w>his<mor type="mor"><mw><pos><c>pro</c><s>poss</s><s>det</s></pos><stem>his</stem></mw></mor></w>
    <w>seat<mor type="mor"><mw><pos><c>n</c></pos><stem>seat</stem></mw></mor></w>
    <t type="p"><mor type="mor"><mt type="p"/></mor></t>

  </u>
  <u who="CHI" uID="u28">
    <w>and<mor type="mor"><mw><pos><c>coord</c></pos><stem>and</stem></mw></mor></w>
    <w>I<mor type="mor"><mw><pos><c>pro</c><s>sub</s></pos><stem>I</stem></mw></mor></w>
    <w>tell<mor type="mor"><mw><pos><c>v</c></pos><stem>tell</stem></mw></mor></w>
    <w>him<mor type="mor"><mw><pos><c>pro</c><s>obj</s></pos><stem>him</stem></mw></mor></w>
    <w>to<mor type="mor"><mw><pos><c>inf</c></pos><stem>to</stem></mw></mor></w>
    <w>stop<mor type="mor"><mw><pos><c>v</c></pos><stem>stop</stem></mw></mor></w>
    <w>it<mor type="mor"><mw><pos><c>pro</c></pos><stem>it</stem></mw></mor></w>
    <t type="p"><mor type="mor"><mt type="p"/></mor></t>

  </u>
  <u who="CHI" uID="u29">
    <w>but<mor type="mor"><mw><pos><c>conj</c></pos><stem>but</stem></mw></mor></w>
    <g><w>he</w>
    <w>says</w><k type="retracing with correction"/></g>
    <w>he'll<mor type="mor"><mw><pos><c>pro</c><s>sub</s></pos><stem>he</stem></mw><mor-post><mw><pos><c>mod</c></pos><stem>will</stem></mw></mor-post></mor></w>
    <w>say<mor type="mor"><mw><pos><c>v</c></pos><stem>say</stem></mw></mor></w>
    <w>it's<mor type="mor"><mw><pos><c>pro</c></pos><stem>it</stem></mw><mor-post><mw><pos><c>cop</c></pos><stem>be</stem><mk type="sfxf">3S</mk></mw></mor-post></mor></w>
    <w>not<mor type="mor"><mw><pos><c>neg</c></pos><stem>not</stem></mw></mor></w>
    <w>him<mor type="mor"><mw><pos><c>pro</c><s>obj</s></pos><stem>him</stem></mw></mor></w>
    <t type="p"><mor type="mor"><mt type="p"/></mor></t>

  </u>
  <u who="CHI" uID="u30">
    <w>and<mor type="mor"><mw><pos><c>coord</c></pos><stem>and</stem></mw></mor></w>
    <w>he<mor type="mor"><mw><pos><c>pro</c><s>sub</s></pos><stem>he</stem></mw></mor></w>
    <w>accuses<mor type="mor"><mw><pos><c>v</c></pos><stem>accuse</stem><mk type="sfx">3S</mk></mw></mor></w>
    <w>someone<mor type="mor"><mw><pos><c>pro</c><s>indef</s></pos><stem>someone</stem></mw></mor></w>
    <w>else<mor type="mor"><mw><pos><c>post</c></pos><stem>else</stem></mw></mor></w>
    <w>of<mor type="mor"><mw><pos><c>prep</c></pos><stem>of</stem></mw></mor></w>
    <w>doing<mor type="mor"><mw><pos><c>n</c><s>gerund</s></pos><stem>do</stem><mk type="sfx">PRESP</mk></mw></mor></w>
    <w>it<mor type="mor"><mw><pos><c>pro</c></pos><stem>it</stem></mw></mor></w>
    <t type="p"><mor type="mor"><mt type="p"/></mor></t>

  </u>
  <u who="INV" uID="u31">
    <w>that's<mor type="mor"><mw><pos><c>pro</c><s>dem</s></pos><stem>that</stem></mw><mor-post><mw><pos><c>cop</c></pos><stem>be</stem><mk type="sfxf">3S</mk></mw></mor-post></mor></w>
    <w>no<mor type="mor"><mw><pos><c>qn</c></pos><stem>no</stem></mw></mor></w>
    <w>good<mor type="mor"><mw><pos><c>adj</c></pos><stem>good</stem></mw></mor></w>
    <tagMarker type="comma"><mor type="mor"><mw><pos><c>cm</c></pos><stem>cm</stem></mw></mor></tagMarker>
    <w>is<mor type="mor"><mw><pos><c>aux</c></pos><stem>be</stem><mk type="sfxf">3S</mk></mw></mor></w>
    <w>it<mor type="mor"><mw><pos><c>pro</c></pos><stem>it</stem></mw></mor></w>
    <t type="q"><mor type="mor"><mt type="q"/></mor></t>

  </u>
  <u who="HEL" uID="u32">
    <w>sounds<mor type="mor"><mw><pos><c>v</c></pos><stem>sound</stem><mk type="sfx">3S</mk></mw></mor></w>
    <w>a<mor type="mor"><mw><pos><c>art</c></pos><stem>a</stem></mw></mor></w>
    <w>bit<mor type="mor"><mw><pos><c>n</c></pos><stem>bit</stem></mw></mor></w>
    <w>annoying<mor type="mor"><mw><pos><c>part</c></pos><stem>annoy</stem><mk type="sfx">PRESP</mk></mw></mor></w>
    <t type="e"><mor type="mor"><mt type="e"/></mor></t>

  </u>
  <u who="CHI" uID="u33">
    <w type="fragment">mm</w>
    <t type="p"></t>

  </u>
  <u who="INV" uID="u34">
    <w type="fragment" untranscribed="untranscribed">www</w>
    <t type="p"></t>

    <a type="explanation">investigator talks as disc is turned off .</a>
  </u>
</CHAT>