<?xml version="1.0" encoding="UTF-8"?>

<CHAT xmlns:xsi="http://www.w3.org/2001/XMLSchema-instance"
      xmlns="http://www.talkbank.org/ns/talkbank"
      xsi:schemaLocation="http://www.talkbank.org/ns/talkbank http://talkbank.org/software/talkbank.xsd"
      PID="11312/c-00005566-1"
      Version="2.1.0"
      Lang="eng"
      Corpus="Hargrove"
      Date="1984-01-01">
  <Participants>
    <participant
      id="CHI"
    name="Doug"
      role="Target_Child"
      language="eng"
      age="P4Y0M"

    />
    <participant
      id="CLI"
      role="Clinician"
      language="eng"

    />
  </Participants>
  <u who="CLI" uID="u0">
    <w>what<mor type="mor"><mw><pos><c>pro</c><s>wh</s></pos><stem>what</stem></mw><gra type="gra" index="1" head="0" relation="INCROOT"/></mor></w>
    <t type="q"><mor type="mor"><mt type="q"/><gra type="gra" index="2" head="1" relation="PUNCT"/></mor></t>

  </u>
  <u who="CHI" uID="u1">
    <w>a<mor type="mor"><mw><pos><c>art</c></pos><stem>a</stem></mw><gra type="gra" index="1" head="3" relation="MOD"/></mor></w>
    <w>race<mor type="mor"><mw><pos><c>n</c></pos><stem>race</stem></mw><gra type="gra" index="2" head="3" relation="MOD"/></mor></w>
    <w>truck<mor type="mor"><mw><pos><c>n</c></pos><stem>truck</stem></mw><gra type="gra" index="3" head="0" relation="INCROOT"/></mor></w>
    <t type="p"><mor type="mor"><mt type="p"/><gra type="gra" index="4" head="3" relation="PUNCT"/></mor></t>

  </u>
  <u who="CHI" uID="u2">
    <w>this<mor type="mor"><mw><pos><c>pro</c><s>dem</s></pos><stem>this</stem></mw><gra type="gra" index="1" head="2" relation="SUBJ"/></mor></w>
    <w>is<mor type="mor"><mw><pos><c>cop</c></pos><stem>be</stem><mk type="sfxf">3S</mk></mw><gra type="gra" index="2" head="0" relation="ROOT"/></mor></w>
    <w>a<mor type="mor"><mw><pos><c>art</c></pos><stem>a</stem></mw><gra type="gra" index="3" head="5" relation="MOD"/></mor></w>
    <w>race<mor type="mor"><mw><pos><c>n</c></pos><stem>race</stem></mw><gra type="gra" index="4" head="5" relation="MOD"/></mor></w>
    <w>track<mor type="mor"><mw><pos><c>n</c></pos><stem>track</stem></mw><gra type="gra" index="5" head="2" relation="PRED"/></mor></w>
    <w>and<mor type="mor"><mw><pos><c>coord</c></pos><stem>and</stem></mw><gra type="gra" index="6" head="5" relation="CONJ"/></mor></w>
    <w>an<mor type="mor"><mw><pos><c>art</c></pos><stem>a</stem></mw><gra type="gra" index="7" head="8" relation="MOD"/></mor></w>
    <w>ambulance<mor type="mor"><mw><pos><c>n</c></pos><stem>ambulance</stem></mw><gra type="gra" index="8" head="6" relation="COORD"/></mor></w>
    <t type="p"><mor type="mor"><mt type="p"/><gra type="gra" index="9" head="2" relation="PUNCT"/></mor></t>

  </u>
  <u who="CLI" uID="u3">
    <w>how<mor type="mor"><mw><pos><c>adv</c><s>wh</s></pos><stem>how</stem></mw><gra type="gra" index="1" head="2" relation="LINK"/></mor></w>
    <w>come<mor type="mor"><mw><pos><c>v</c></pos><stem>come</stem></mw><gra type="gra" index="2" head="5" relation="SUBJ"/></mor></w>
    <w>you're<mor type="mor"><mw><pos><c>pro</c></pos><stem>you</stem></mw><gra type="gra" index="3" head="2" relation="OBJ"/><mor-post><mw><pos><c>aux</c></pos><stem>be</stem><mk type="sfxf">PRES</mk></mw><gra type="gra" index="4" head="5" relation="AUX"/></mor-post></mor></w>
    <w>hiding<mor type="mor"><mw><pos><c>part</c></pos><stem>hide</stem><mk type="sfx">PRESP</mk></mw><gra type="gra" index="5" head="0" relation="ROOT"/></mor></w>
    <w>those<mor type="mor"><mw><pos><c>pro</c><s>dem</s></pos><stem>those</stem></mw><gra type="gra" index="6" head="5" relation="OBJ"/></mor></w>
    <t type="p"><mor type="mor"><mt type="p"/><gra type="gra" index="7" head="5" relation="PUNCT"/></mor></t>

  </u>
  <u who="CLI" uID="u4">
    <w>let's<mor type="mor"><mw><pos><c>v</c></pos><stem>let</stem></mw><gra type="gra" index="1" head="0" relation="ROOT"/><mor-post><mw><pos><c>pro</c><s>obj</s></pos><stem>us</stem></mw><gra type="gra" index="2" head="1" relation="OBJ"/></mor-post></mor></w>
    <w>set<mor type="mor"><mw><pos><c>v</c></pos><stem>set</stem><mk type="sfxf">ZERO</mk></mw><gra type="gra" index="3" head="1" relation="COMP"/></mor></w>
    <w>them<mor type="mor"><mw><pos><c>pro</c><s>obj</s></pos><stem>them</stem></mw><gra type="gra" index="4" head="3" relation="OBJ"/></mor></w>
    <w>up<mor type="mor"><mw><pos><c>adv</c></pos><stem>up</stem></mw><gra type="gra" index="5" head="3" relation="JCT"/></mor></w>
    <t type="p"><mor type="mor"><mt type="p"/><gra type="gra" index="6" head="1" relation="PUNCT"/></mor></t>

  </u>
  <u who="CHI" uID="u5">
    <w>I<mor type="mor"><mw><pos><c>pro</c><s>sub</s></pos><stem>I</stem></mw><gra type="gra" index="1" head="2" relation="SUBJ"/></mor></w>
    <w>want<mor type="mor"><mw><pos><c>v</c></pos><stem>want</stem></mw><gra type="gra" index="2" head="0" relation="ROOT"/></mor></w>
    <w>this<mor type="mor"><mw><pos><c>det</c></pos><stem>this</stem></mw><gra type="gra" index="3" head="2" relation="OBJ"/></mor></w>
    <t type="p"><mor type="mor"><mt type="p"/><gra type="gra" index="4" head="2" relation="PUNCT"/></mor></t>

  </u>
  <u who="CLI" uID="u6">
    <w>bring<mor type="mor"><mw><pos><c>v</c></pos><stem>bring</stem></mw><gra type="gra" index="1" head="0" relation="ROOT"/></mor></w>
    <w>them<mor type="mor"><mw><pos><c>pro</c><s>obj</s></pos><stem>them</stem></mw><gra type="gra" index="2" head="1" relation="OBJ"/></mor></w>
    <w>back<mor type="mor"><mw><pos><c>adv</c></pos><stem>back</stem></mw><gra type="gra" index="3" head="1" relation="JCT"/></mor></w>
    <w>so<mor type="mor"><mw><pos><c>conj</c></pos><stem>so</stem></mw><gra type="gra" index="4" head="7" relation="LINK"/></mor></w>
    <w>I<mor type="mor"><mw><pos><c>pro</c><s>sub</s></pos><stem>I</stem></mw><gra type="gra" index="5" head="7" relation="SUBJ"/></mor></w>
    <w>can<mor type="mor"><mw><pos><c>mod</c></pos><stem>can</stem></mw><gra type="gra" index="6" head="7" relation="AUX"/></mor></w>
    <w>set<mor type="mor"><mw><pos><c>v</c></pos><stem>set</stem><mk type="sfxf">ZERO</mk></mw><gra type="gra" index="7" head="1" relation="CJCT"/></mor></w>
    <w>them<mor type="mor"><mw><pos><c>pro</c><s>obj</s></pos><stem>them</stem></mw><gra type="gra" index="8" head="7" relation="OBJ"/></mor></w>
    <w>up<mor type="mor"><mw><pos><c>adv</c></pos><stem>up</stem></mw><gra type="gra" index="9" head="7" relation="JCT"/></mor></w>
    <t type="p"><mor type="mor"><mt type="p"/><gra type="gra" index="10" head="1" relation="PUNCT"/></mor></t>

  </u>
  <u who="CHI" uID="u7">
    <w>I<mor type="mor"><mw><pos><c>pro</c><s>sub</s></pos><stem>I</stem></mw><gra type="gra" index="1" head="2" relation="SUBJ"/></mor></w>
    <w>want<mor type="mor"><mw><pos><c>v</c></pos><stem>want</stem></mw><gra type="gra" index="2" head="0" relation="ROOT"/></mor></w>
    <w>this<mor type="mor"><mw><pos><c>det</c></pos><stem>this</stem></mw><gra type="gra" index="3" head="2" relation="OBJ"/></mor></w>
    <t type="p"><mor type="mor"><mt type="p"/><gra type="gra" index="4" head="2" relation="PUNCT"/></mor></t>

  </u>
  <u who="CHI" uID="u8">
    <w>that's<mor type="mor"><mw><pos><c>pro</c><s>dem</s></pos><stem>that</stem></mw><gra type="gra" index="1" head="2" relation="SUBJ"/><mor-post><mw><pos><c>cop</c></pos><stem>be</stem><mk type="sfxf">3S</mk></mw><gra type="gra" index="2" head="0" relation="ROOT"/></mor-post></mor></w>
    <w>that<mor type="mor"><mw><pos><c>pro</c><s>dem</s></pos><stem>that</stem></mw><gra type="gra" index="3" head="2" relation="PRED"/></mor></w>
    <t type="p"><mor type="mor"><mt type="p"/><gra type="gra" index="4" head="2" relation="PUNCT"/></mor></t>

  </u>
  <u who="CHI" uID="u9">
    <w>huh<mor type="mor"><mw><pos><c>co</c></pos><stem>huh</stem></mw><gra type="gra" index="1" head="0" relation="INCROOT"/></mor></w>
    <t type="q"><mor type="mor"><mt type="q"/><gra type="gra" index="2" head="1" relation="PUNCT"/></mor></t>

  </u>
  <u who="CLI" uID="u10">
    <w>what<mor type="mor"><mw><pos><c>pro</c><s>wh</s></pos><stem>what</stem></mw><gra type="gra" index="1" head="0" relation="INCROOT"/></mor></w>
    <t type="q"><mor type="mor"><mt type="q"/><gra type="gra" index="2" head="1" relation="PUNCT"/></mor></t>

  </u>
  <u who="CHI" uID="u11">
    <w>that's<mor type="mor"><mw><pos><c>pro</c><s>dem</s></pos><stem>that</stem></mw><gra type="gra" index="1" head="2" relation="SUBJ"/><mor-post><mw><pos><c>cop</c></pos><stem>be</stem><mk type="sfxf">3S</mk></mw><gra type="gra" index="2" head="0" relation="ROOT"/></mor-post></mor></w>
    <w>a<mor type="mor"><mw><pos><c>art</c></pos><stem>a</stem></mw><gra type="gra" index="3" head="4" relation="MOD"/></mor></w>
    <w>board<mor type="mor"><mw><pos><c>n</c></pos><stem>board</stem></mw><gra type="gra" index="4" head="2" relation="PRED"/></mor></w>
    <t type="p"><mor type="mor"><mt type="p"/><gra type="gra" index="5" head="2" relation="PUNCT"/></mor></t>

  </u>
  <u who="CLI" uID="u12">
    <w>that's<mor type="mor"><mw><pos><c>pro</c><s>dem</s></pos><stem>that</stem></mw><gra type="gra" index="1" head="2" relation="SUBJ"/><mor-post><mw><pos><c>cop</c></pos><stem>be</stem><mk type="sfxf">3S</mk></mw><gra type="gra" index="2" head="0" relation="ROOT"/></mor-post></mor></w>
    <w>a<mor type="mor"><mw><pos><c>art</c></pos><stem>a</stem></mw><gra type="gra" index="3" head="2" relation="PRED"/></mor></w>
    <w>scoreboard<mor type="mor"><mw><pos><c>n</c></pos><stem>scoreboard</stem></mw><gra type="gra" index="4" head="3" relation="OBJ"/></mor></w>
    <w>that's<mor type="mor"><mw><pos><c>rel</c></pos><stem>that</stem></mw><gra type="gra" index="5" head="7" relation="LINK"/><mor-post><mw><pos><c>aux</c></pos><stem>be</stem><mk type="sfxf">3S</mk></mw><gra type="gra" index="6" head="7" relation="AUX"/></mor-post></mor></w>
    <w>right<mor type="mor"><mw><pos><c>n</c></pos><stem>right</stem></mw><gra type="gra" index="7" head="4" relation="CMOD"/></mor></w>
    <t type="p"><mor type="mor"><mt type="p"/><gra type="gra" index="8" head="2" relation="PUNCT"/></mor></t>

  </u>
  <u who="CLI" uID="u13">
    <w>can<mor type="mor"><mw><pos><c>mod</c></pos><stem>can</stem></mw><gra type="gra" index="1" head="3" relation="AUX"/></mor></w>
    <w>you<mor type="mor"><mw><pos><c>pro</c></pos><stem>you</stem></mw><gra type="gra" index="2" head="3" relation="SUBJ"/></mor></w>
    <w>get<mor type="mor"><mw><pos><c>v</c></pos><stem>get</stem></mw><gra type="gra" index="3" head="0" relation="ROOT"/></mor></w>
    <w>those<mor type="mor"><mw><pos><c>det</c></pos><stem>those</stem></mw><gra type="gra" index="4" head="5" relation="DET"/></mor></w>
    <w>boys<mor type="mor"><mw><pos><c>n</c></pos><stem>boy</stem><mk type="sfx">PL</mk></mw><gra type="gra" index="5" head="3" relation="OBJ"/></mor></w>
    <w>out_of<mor type="mor"><mw><pos><c>prep</c></pos><stem>out_of</stem></mw><gra type="gra" index="6" head="5" relation="NJCT"/></mor></w>
    <w>there<mor type="mor"><mw><pos><c>adv</c></pos><stem>there</stem></mw><gra type="gra" index="7" head="6" relation="POBJ"/></mor></w>
    <t type="q"><mor type="mor"><mt type="q"/><gra type="gra" index="8" head="3" relation="PUNCT"/></mor></t>

  </u>
  <u who="CLI" uID="u14">
    <w>I<mor type="mor"><mw><pos><c>pro</c><s>sub</s></pos><stem>I</stem></mw><gra type="gra" index="1" head="2" relation="SUBJ"/></mor></w>
    <w>want<mor type="mor"><mw><pos><c>v</c></pos><stem>want</stem></mw><gra type="gra" index="2" head="0" relation="ROOT"/></mor></w>
    <w>to<mor type="mor"><mw><pos><c>inf</c></pos><stem>to</stem></mw><gra type="gra" index="3" head="4" relation="INF"/></mor></w>
    <w>set<mor type="mor"><mw><pos><c>v</c></pos><stem>set</stem><mk type="sfxf">ZERO</mk></mw><gra type="gra" index="4" head="2" relation="XCOMP"/></mor></w>
    <w>them<mor type="mor"><mw><pos><c>pro</c><s>obj</s></pos><stem>them</stem></mw><gra type="gra" index="5" head="4" relation="OBJ"/></mor></w>
    <w>up<mor type="mor"><mw><pos><c>adv</c></pos><stem>up</stem></mw><gra type="gra" index="6" head="4" relation="JCT"/></mor></w>
    <t type="p"><mor type="mor"><mt type="p"/><gra type="gra" index="7" head="2" relation="PUNCT"/></mor></t>

  </u>
  <u who="CLI" uID="u15">
    <w>hand<mor type="mor"><mw><pos><c>v</c></pos><stem>hand</stem></mw><gra type="gra" index="1" head="0" relation="ROOT"/></mor></w>
    <w>them<mor type="mor"><mw><pos><c>pro</c><s>obj</s></pos><stem>them</stem></mw><gra type="gra" index="2" head="1" relation="OBJ"/></mor></w>
    <w>to<mor type="mor"><mw><pos><c>prep</c></pos><stem>to</stem></mw><gra type="gra" index="3" head="1" relation="JCT"/></mor></w>
    <w>me<mor type="mor"><mw><pos><c>pro</c><s>obj</s></pos><stem>me</stem></mw><gra type="gra" index="4" head="3" relation="POBJ"/></mor></w>
    <t type="p"><mor type="mor"><mt type="p"/><gra type="gra" index="5" head="1" relation="PUNCT"/></mor></t>

  </u>
  <u who="CLI" uID="u16">
    <w>thank<mor type="mor"><mw><pos><c>v</c></pos><stem>thank</stem></mw><gra type="gra" index="1" head="0" relation="ROOT"/></mor></w>
    <w>you<mor type="mor"><mw><pos><c>pro</c></pos><stem>you</stem></mw><gra type="gra" index="2" head="1" relation="OBJ"/></mor></w>
    <t type="p"><mor type="mor"><mt type="p"/><gra type="gra" index="3" head="1" relation="PUNCT"/></mor></t>

  </u>
  <u who="CHI" uID="u17">
    <w>thank<mor type="mor"><mw><pos><c>v</c></pos><stem>thank</stem></mw><gra type="gra" index="1" head="0" relation="ROOT"/></mor></w>
    <w>you<mor type="mor"><mw><pos><c>pro</c></pos><stem>you</stem></mw><gra type="gra" index="2" head="1" relation="OBJ"/></mor></w>
    <t type="p"><mor type="mor"><mt type="p"/><gra type="gra" index="3" head="1" relation="PUNCT"/></mor></t>

  </u>
  <u who="CHI" uID="u18">
    <w untranscribed="unintelligible">xxx</w>
    <t type="p"></t>

  </u>
  <u who="CLI" uID="u19">
    <w>scoreboard<mor type="mor"><mw><pos><c>n</c></pos><stem>scoreboard</stem></mw><gra type="gra" index="1" head="0" relation="INCROOT"/></mor></w>
    <t type="p"><mor type="mor"><mt type="p"/><gra type="gra" index="2" head="1" relation="PUNCT"/></mor></t>

  </u>
  <u who="CLI" uID="u20">
    <w>your<mor type="mor"><mw><pos><c>pro</c><s>poss</s><s>det</s></pos><stem>your</stem></mw><gra type="gra" index="1" head="2" relation="MOD"/></mor></w>
    <w>ambulance<mor type="mor"><mw><pos><c>n</c></pos><stem>ambulance</stem></mw><gra type="gra" index="2" head="3" relation="SUBJ"/></mor></w>
    <w>is<mor type="mor"><mw><pos><c>cop</c></pos><stem>be</stem><mk type="sfxf">3S</mk></mw><gra type="gra" index="3" head="0" relation="ROOT"/></mor></w>
    <w>on<mor type="mor"><mw><pos><c>prep</c></pos><stem>on</stem></mw><gra type="gra" index="4" head="3" relation="JCT"/></mor></w>
    <w>the<mor type="mor"><mw><pos><c>art</c></pos><stem>the</stem></mw><gra type="gra" index="5" head="6" relation="MOD"/></mor></w>
    <w>racetrack<mor type="mor"><mwc><pos><c>n</c></pos><mw><pos><c>n</c></pos><stem>race</stem></mw><mw><pos><c>n</c></pos><stem>track</stem></mw></mwc><gra type="gra" index="6" head="4" relation="POBJ"/></mor></w>
    <t type="p"><mor type="mor"><mt type="p"/><gra type="gra" index="7" head="3" relation="PUNCT"/></mor></t>

  </u>
  <u who="CHI" uID="u21">
    <w>yeah<mor type="mor"><mw><pos><c>co</c></pos><stem>yeah</stem></mw><gra type="gra" index="1" head="0" relation="INCROOT"/></mor></w>
    <t type="p"><mor type="mor"><mt type="p"/><gra type="gra" index="2" head="1" relation="PUNCT"/></mor></t>

  </u>
  <u who="CHI" uID="u22">
    <w untranscribed="unintelligible">xxx</w>
    <t type="p"></t>

  </u>
  <u who="CLI" uID="u23">
    <w>and<mor type="mor"><mw><pos><c>coord</c></pos><stem>and</stem></mw><gra type="gra" index="1" head="3" relation="LINK"/></mor></w>
    <w>you<mor type="mor"><mw><pos><c>pro</c></pos><stem>you</stem></mw><gra type="gra" index="2" head="3" relation="SUBJ"/></mor></w>
    <w>parked<mor type="mor"><mw><pos><c>v</c></pos><stem>park</stem><mk type="sfx">PAST</mk></mw><gra type="gra" index="3" head="0" relation="ROOT"/></mor></w>
    <w>it<mor type="mor"><mw><pos><c>pro</c></pos><stem>it</stem></mw><gra type="gra" index="4" head="3" relation="OBJ"/></mor></w>
    <w>in<mor type="mor"><mw><pos><c>prep</c></pos><stem>in</stem></mw><gra type="gra" index="5" head="3" relation="JCT"/></mor></w>
    <w>the<mor type="mor"><mw><pos><c>art</c></pos><stem>the</stem></mw><gra type="gra" index="6" head="7" relation="MOD"/></mor></w>
    <w>pits<mor type="mor"><mw><pos><c>n</c></pos><stem>pit</stem><mk type="sfx">PL</mk></mw><gra type="gra" index="7" head="5" relation="POBJ"/></mor></w>
    <t type="p"><mor type="mor"><mt type="p"/><gra type="gra" index="8" head="3" relation="PUNCT"/></mor></t>

  </u>
  <u who="CHI" uID="u24">
    <w>yeah<mor type="mor"><mw><pos><c>co</c></pos><stem>yeah</stem></mw><gra type="gra" index="1" head="2" relation="COM"/></mor></w>
    <w>park<mor type="mor"><mw><pos><c>v</c></pos><stem>park</stem></mw><gra type="gra" index="2" head="0" relation="ROOT"/></mor></w>
    <w>it<mor type="mor"><mw><pos><c>pro</c></pos><stem>it</stem></mw><gra type="gra" index="3" head="2" relation="OBJ"/></mor></w>
    <w>in<mor type="mor"><mw><pos><c>prep</c></pos><stem>in</stem></mw><gra type="gra" index="4" head="2" relation="JCT"/></mor></w>
    <w>the<mor type="mor"><mw><pos><c>art</c></pos><stem>the</stem></mw><gra type="gra" index="5" head="6" relation="MOD"/></mor></w>
    <g><w>pi</w><k type="retracing unclear"/></g>
    <w>pits<mor type="mor"><mw><pos><c>n</c></pos><stem>pit</stem><mk type="sfx">PL</mk></mw><gra type="gra" index="6" head="4" relation="POBJ"/></mor></w>
    <t type="p"><mor type="mor"><mt type="p"/><gra type="gra" index="7" head="2" relation="PUNCT"/></mor></t>

  </u>
  <u who="CLI" uID="u25">
    <w>now<mor type="mor"><mw><pos><c>adv</c></pos><stem>now</stem></mw><gra type="gra" index="1" head="4" relation="JCT"/></mor></w>
    <w>you're<mor type="mor"><mw><pos><c>pro</c></pos><stem>you</stem></mw><gra type="gra" index="2" head="4" relation="SUBJ"/><mor-post><mw><pos><c>aux</c></pos><stem>be</stem><mk type="sfxf">PRES</mk></mw><gra type="gra" index="3" head="4" relation="AUX"/></mor-post></mor></w>
    <w>setting<mor type="mor"><mw><pos><c>part</c></pos><stem>set</stem><mk type="sfx">PRESP</mk></mw><gra type="gra" index="4" head="0" relation="ROOT"/></mor></w>
    <w>up<mor type="mor"><mw><pos><c>prep</c></pos><stem>up</stem></mw><gra type="gra" index="5" head="4" relation="JCT"/></mor></w>
    <w>your<mor type="mor"><mw><pos><c>pro</c><s>poss</s><s>det</s></pos><stem>your</stem></mw><gra type="gra" index="6" head="7" relation="MOD"/></mor></w>
    <w>race<mor type="mor"><mw><pos><c>n</c></pos><stem>race</stem></mw><gra type="gra" index="7" head="8" relation="MOD"/></mor></w>
    <w>cars<mor type="mor"><mw><pos><c>n</c></pos><stem>car</stem><mk type="sfx">PL</mk></mw><gra type="gra" index="8" head="5" relation="POBJ"/></mor></w>
    <w>for<mor type="mor"><mw><pos><c>prep</c></pos><stem>for</stem></mw><gra type="gra" index="9" head="4" relation="JCT"/></mor></w>
    <w>the<mor type="mor"><mw><pos><c>art</c></pos><stem>the</stem></mw><gra type="gra" index="10" head="11" relation="MOD"/></mor></w>
    <w>race<mor type="mor"><mw><pos><c>n</c></pos><stem>race</stem></mw><gra type="gra" index="11" head="9" relation="POBJ"/></mor></w>
    <t type="p"><mor type="mor"><mt type="p"/><gra type="gra" index="12" head="4" relation="PUNCT"/></mor></t>

  </u>
  <u who="CLI" uID="u26">
    <w>we're<mor type="mor"><mw><pos><c>pro</c><s>sub</s></pos><stem>we</stem></mw><gra type="gra" index="1" head="3" relation="SUBJ"/><mor-post><mw><pos><c>aux</c></pos><stem>be</stem><mk type="sfxf">PRES</mk></mw><gra type="gra" index="2" head="3" relation="AUX"/></mor-post></mor></w>
    <w>gonna<mor type="mor"><mw><pos><c>part</c></pos><stem>go</stem><mk type="sfx">PRESP</mk></mw><gra type="gra" index="3" head="0" relation="ROOT"/><mor-post><mw><pos><c>inf</c></pos><stem>to</stem></mw><gra type="gra" index="4" head="5" relation="INF"/></mor-post></mor></w>
    <w>have<mor type="mor"><mw><pos><c>v</c></pos><stem>have</stem></mw><gra type="gra" index="5" head="3" relation="XCOMP"/></mor></w>
    <w>a<mor type="mor"><mw><pos><c>art</c></pos><stem>a</stem></mw><gra type="gra" index="6" head="5" relation="OBJ"/></mor></w>
    <w>race<mor type="mor"><mw><pos><c>n</c></pos><stem>race</stem></mw><gra type="gra" index="7" head="8" relation="MOD"/></mor></w>
    <w>today<mor type="mor"><mw><pos><c>adv</c><s>tem</s></pos><stem>today</stem></mw><gra type="gra" index="8" head="6" relation="MOD"/></mor></w>
    <t type="p"><mor type="mor"><mt type="p"/><gra type="gra" index="9" head="3" relation="PUNCT"/></mor></t>

  </u>
  <u who="CHI" uID="u27">
    <w>race<mor type="mor"><mw><pos><c>v</c></pos><stem>race</stem></mw><gra type="gra" index="1" head="0" relation="ROOT"/></mor></w>
    <w>today<mor type="mor"><mw><pos><c>adv</c><s>tem</s></pos><stem>today</stem></mw><gra type="gra" index="2" head="1" relation="OBJ"/></mor></w>
    <t type="p"><mor type="mor"><mt type="p"/><gra type="gra" index="3" head="1" relation="PUNCT"/></mor></t>

  </u>
  <u who="CHI" uID="u28">
    <w>here<mor type="mor"><mw><pos><c>adv</c></pos><stem>here</stem></mw><gra type="gra" index="1" head="2" relation="JCT"/></mor></w>
    <g><w>come<mor type="mor"><mw><pos><c>v</c></pos><stem>come</stem></mw><gra type="gra" index="2" head="0" relation="ROOT"/></mor></w><error>0es</error></g>
    <w>the<mor type="mor"><mw><pos><c>art</c></pos><stem>the</stem></mw><gra type="gra" index="3" head="5" relation="MOD"/></mor></w>
    <w>race<mor type="mor"><mw><pos><c>n</c></pos><stem>race</stem></mw><gra type="gra" index="4" head="5" relation="MOD"/></mor></w>
    <w>cars<mor type="mor"><mw><pos><c>n</c></pos><stem>car</stem><mk type="sfx">PL</mk></mw><gra type="gra" index="5" head="2" relation="OBJ"/></mor></w>
    <t type="p"><mor type="mor"><mt type="p"/><gra type="gra" index="6" head="2" relation="PUNCT"/></mor></t>

  </u>
  <u who="CHI" uID="u29">
    <w>race<mor type="mor"><mw><pos><c>n</c></pos><stem>race</stem></mw><gra type="gra" index="1" head="2" relation="MOD"/></mor></w>
    <w>cars<mor type="mor"><mw><pos><c>n</c></pos><stem>car</stem><mk type="sfx">PL</mk></mw><gra type="gra" index="2" head="4" relation="SUBJ"/></mor></w>
    <w>are<mor type="mor"><mw><pos><c>aux</c></pos><stem>be</stem><mk type="sfxf">PRES</mk></mw><gra type="gra" index="3" head="4" relation="AUX"/></mor></w>
    <w>racing<mor type="mor"><mw><pos><c>part</c></pos><stem>race</stem><mk type="sfx">PRESP</mk></mw><gra type="gra" index="4" head="0" relation="ROOT"/></mor></w>
    <t type="p"><mor type="mor"><mt type="p"/><gra type="gra" index="5" head="4" relation="PUNCT"/></mor></t>

  </u>
  <u who="CHI" uID="u30">
    <w>where's<mor type="mor"><mw><pos><c>adv</c><s>wh</s></pos><stem>where</stem></mw><gra type="gra" index="1" head="2" relation="LINK"/><mor-post><mw><pos><c>cop</c></pos><stem>be</stem><mk type="sfxf">3S</mk></mw><gra type="gra" index="2" head="0" relation="ROOT"/></mor-post></mor></w>
    <w>daddy<mor type="mor"><mw><pos><c>n</c></pos><stem>daddy</stem></mw><gra type="gra" index="3" head="2" relation="PRED"/></mor></w>
    <tagMarker type="comma"><mor type="mor"><mw><pos><c>cm</c></pos><stem>cm</stem></mw><gra type="gra" index="4" head="2" relation="LP"/></mor></tagMarker>
    <w>huh<mor type="mor"><mw><pos><c>co</c></pos><stem>huh</stem></mw><gra type="gra" index="5" head="2" relation="COM"/></mor></w>
    <w>Monica<mor type="mor"><mw><pos><c>n</c><s>prop</s></pos><stem>Monica</stem></mw><gra type="gra" index="6" head="2" relation="PRED"/></mor></w>
    <t type="q"><mor type="mor"><mt type="q"/><gra type="gra" index="7" head="2" relation="PUNCT"/></mor></t>

  </u>
  <u who="CLI" uID="u31">
    <w>where's<mor type="mor"><mw><pos><c>adv</c><s>wh</s></pos><stem>where</stem></mw><gra type="gra" index="1" head="2" relation="LINK"/><mor-post><mw><pos><c>cop</c></pos><stem>be</stem><mk type="sfxf">3S</mk></mw><gra type="gra" index="2" head="0" relation="ROOT"/></mor-post></mor></w>
    <w>what<mor type="mor"><mw><pos><c>pro</c><s>wh</s></pos><stem>what</stem></mw><gra type="gra" index="3" head="2" relation="PRED"/></mor></w>
    <t type="q"><mor type="mor"><mt type="q"/><gra type="gra" index="4" head="2" relation="PUNCT"/></mor></t>

  </u>
  <u who="CHI" uID="u32">
    <w>where's<mor type="mor"><mw><pos><c>adv</c><s>wh</s></pos><stem>where</stem></mw><gra type="gra" index="1" head="2" relation="LINK"/><mor-post><mw><pos><c>cop</c></pos><stem>be</stem><mk type="sfxf">3S</mk></mw><gra type="gra" index="2" head="0" relation="ROOT"/></mor-post></mor></w>
    <w>daddy<mor type="mor"><mw><pos><c>n</c></pos><stem>daddy</stem></mw><gra type="gra" index="3" head="2" relation="PRED"/></mor></w>
    <t type="q"><mor type="mor"><mt type="q"/><gra type="gra" index="4" head="2" relation="PUNCT"/></mor></t>

  </u>
  <u who="CLI" uID="u33">
    <w>where's<mor type="mor"><mw><pos><c>adv</c><s>wh</s></pos><stem>where</stem></mw><gra type="gra" index="1" head="2" relation="LINK"/><mor-post><mw><pos><c>cop</c></pos><stem>be</stem><mk type="sfxf">3S</mk></mw><gra type="gra" index="2" head="0" relation="ROOT"/></mor-post></mor></w>
    <w>your<mor type="mor"><mw><pos><c>pro</c><s>poss</s><s>det</s></pos><stem>your</stem></mw><gra type="gra" index="3" head="4" relation="MOD"/></mor></w>
    <w>daddy<mor type="mor"><mw><pos><c>n</c></pos><stem>daddy</stem></mw><gra type="gra" index="4" head="2" relation="PRED"/></mor></w>
    <t type="q"><mor type="mor"><mt type="q"/><gra type="gra" index="5" head="2" relation="PUNCT"/></mor></t>

  </u>
  <u who="CHI" uID="u34">
    <w>dad's<mor type="mor"><mw><pos><c>n</c></pos><stem>dad</stem></mw><gra type="gra" index="1" head="4" relation="SUBJ"/><mor-post><mw><pos><c>aux</c></pos><stem>be</stem><mk type="sfxf">3S</mk></mw><gra type="gra" index="2" head="4" relation="AUX"/></mor-post></mor></w>
    <w>not<mor type="mor"><mw><pos><c>neg</c></pos><stem>not</stem></mw><gra type="gra" index="3" head="2" relation="NEG"/></mor></w>
    <w>eating<mor type="mor"><mw><pos><c>part</c></pos><stem>eat</stem><mk type="sfx">PRESP</mk></mw><gra type="gra" index="4" head="0" relation="ROOT"/></mor></w>
    <w>home<mor type="mor"><mw><pos><c>adv</c></pos><stem>home</stem></mw><gra type="gra" index="5" head="4" relation="JCT"/></mor></w>
    <w>anymore<mor type="mor"><mw><pos><c>adv</c></pos><stem>anymore</stem></mw><gra type="gra" index="6" head="4" relation="JCT"/></mor></w>
    <t type="p"><mor type="mor"><mt type="p"/><gra type="gra" index="7" head="4" relation="PUNCT"/></mor></t>

  </u>
  <u who="CLI" uID="u35">
    <w type="fragment">mm</w>
    <w>where<mor type="mor"><mw><pos><c>adv</c><s>wh</s></pos><stem>where</stem></mw><gra type="gra" index="1" head="4" relation="LINK"/></mor></w>
    <w>did<mor type="mor"><mw><pos><c>mod</c></pos><stem>do</stem><mk type="sfxf">PAST</mk></mw><gra type="gra" index="2" head="4" relation="AUX"/></mor></w>
    <w>he<mor type="mor"><mw><pos><c>pro</c><s>sub</s></pos><stem>he</stem></mw><gra type="gra" index="3" head="4" relation="SUBJ"/></mor></w>
    <w>go<mor type="mor"><mw><pos><c>v</c></pos><stem>go</stem></mw><gra type="gra" index="4" head="0" relation="ROOT"/></mor></w>
    <t type="q"><mor type="mor"><mt type="q"/><gra type="gra" index="5" head="4" relation="PUNCT"/></mor></t>

  </u>
  <u who="CHI" uID="u36">
    <w>he's<mor type="mor"><mw><pos><c>pro</c><s>sub</s></pos><stem>he</stem></mw><gra type="gra" index="1" head="2" relation="SUBJ"/><mor-post><mw><pos><c>cop</c></pos><stem>be</stem><mk type="sfxf">3S</mk></mw><gra type="gra" index="2" head="0" relation="ROOT"/></mor-post></mor></w>
    <w>at<mor type="mor"><mw><pos><c>prep</c></pos><stem>at</stem></mw><gra type="gra" index="3" head="2" relation="JCT"/></mor></w>
    <w>the<mor type="mor"><mw><pos><c>art</c></pos><stem>the</stem></mw><gra type="gra" index="4" head="5" relation="MOD"/></mor></w>
    <w>shop<mor type="mor"><mw><pos><c>n</c></pos><stem>shop</stem></mw><gra type="gra" index="5" head="3" relation="POBJ"/></mor></w>
    <t type="p"><mor type="mor"><mt type="p"/><gra type="gra" index="6" head="2" relation="PUNCT"/></mor></t>

  </u>
  <u who="CLI" uID="u37">
    <w>does<mor type="mor"><mw><pos><c>mod</c></pos><stem>do</stem><mk type="sfxf">3S</mk></mw><gra type="gra" index="1" head="3" relation="AUX"/></mor></w>
    <w>he<mor type="mor"><mw><pos><c>pro</c><s>sub</s></pos><stem>he</stem></mw><gra type="gra" index="2" head="3" relation="SUBJ"/></mor></w>
    <w>work<mor type="mor"><mw><pos><c>v</c></pos><stem>work</stem></mw><gra type="gra" index="3" head="0" relation="ROOT"/></mor></w>
    <w>at<mor type="mor"><mw><pos><c>prep</c></pos><stem>at</stem></mw><gra type="gra" index="4" head="3" relation="JCT"/></mor></w>
    <w>the<mor type="mor"><mw><pos><c>art</c></pos><stem>the</stem></mw><gra type="gra" index="5" head="6" relation="MOD"/></mor></w>
    <w>shop<mor type="mor"><mw><pos><c>n</c></pos><stem>shop</stem></mw><gra type="gra" index="6" head="4" relation="POBJ"/></mor></w>
    <t type="q"><mor type="mor"><mt type="q"/><gra type="gra" index="7" head="3" relation="PUNCT"/></mor></t>

  </u>
  <u who="CHI" uID="u38">
    <w>yes<mor type="mor"><mw><pos><c>co</c></pos><stem>yes</stem></mw><gra type="gra" index="1" head="0" relation="INCROOT"/></mor></w>
    <t type="p"><mor type="mor"><mt type="p"/><gra type="gra" index="2" head="1" relation="PUNCT"/></mor></t>

  </u>
  <u who="CHI" uID="u39">
    <w>he's<mor type="mor"><mw><pos><c>pro</c><s>sub</s></pos><stem>he</stem></mw><gra type="gra" index="1" head="3" relation="SUBJ"/><mor-post><mw><pos><c>aux</c></pos><stem>be</stem><mk type="sfxf">3S</mk></mw><gra type="gra" index="2" head="3" relation="AUX"/></mor-post></mor></w>
    <w>working<mor type="mor"><mw><pos><c>part</c></pos><stem>work</stem><mk type="sfx">PRESP</mk></mw><gra type="gra" index="3" head="0" relation="ROOT"/></mor></w>
    <w>at<mor type="mor"><mw><pos><c>prep</c></pos><stem>at</stem></mw><gra type="gra" index="4" head="3" relation="JCT"/></mor></w>
    <w>the<mor type="mor"><mw><pos><c>art</c></pos><stem>the</stem></mw><gra type="gra" index="5" head="6" relation="MOD"/></mor></w>
    <w>shop<mor type="mor"><mw><pos><c>n</c></pos><stem>shop</stem></mw><gra type="gra" index="6" head="4" relation="POBJ"/></mor></w>
    <t type="p"><mor type="mor"><mt type="p"/><gra type="gra" index="7" head="3" relation="PUNCT"/></mor></t>

  </u>
  <u who="CLI" uID="u40">
    <w>he's<mor type="mor"><mw><pos><c>pro</c><s>sub</s></pos><stem>he</stem></mw><gra type="gra" index="1" head="3" relation="SUBJ"/><mor-post><mw><pos><c>aux</c></pos><stem>be</stem><mk type="sfxf">3S</mk></mw><gra type="gra" index="2" head="3" relation="AUX"/></mor-post></mor></w>
    <w>working<mor type="mor"><mw><pos><c>part</c></pos><stem>work</stem><mk type="sfx">PRESP</mk></mw><gra type="gra" index="3" head="0" relation="ROOT"/></mor></w>
    <w>at<mor type="mor"><mw><pos><c>prep</c></pos><stem>at</stem></mw><gra type="gra" index="4" head="3" relation="JCT"/></mor></w>
    <w>the<mor type="mor"><mw><pos><c>art</c></pos><stem>the</stem></mw><gra type="gra" index="5" head="6" relation="MOD"/></mor></w>
    <w>shop<mor type="mor"><mw><pos><c>n</c></pos><stem>shop</stem></mw><gra type="gra" index="6" head="4" relation="POBJ"/></mor></w>
    <t type="p"><mor type="mor"><mt type="p"/><gra type="gra" index="7" head="3" relation="PUNCT"/></mor></t>

  </u>
  <u who="CHI" uID="u41">
    <w>at<mor type="mor"><mw><pos><c>prep</c></pos><stem>at</stem></mw><gra type="gra" index="1" head="0" relation="INCROOT"/></mor></w>
    <w>the<mor type="mor"><mw><pos><c>art</c></pos><stem>the</stem></mw><gra type="gra" index="2" head="3" relation="MOD"/></mor></w>
    <w>shop<mor type="mor"><mw><pos><c>n</c></pos><stem>shop</stem></mw><gra type="gra" index="3" head="1" relation="POBJ"/></mor></w>
    <t type="p"><mor type="mor"><mt type="p"/><gra type="gra" index="4" head="1" relation="PUNCT"/></mor></t>

  </u>
  <u who="CHI" uID="u42">
    <w>in<mor type="mor"><mw><pos><c>prep</c></pos><stem>in</stem></mw><gra type="gra" index="1" head="0" relation="INCROOT"/></mor></w>
    <w>a<mor type="mor"><mw><pos><c>art</c></pos><stem>a</stem></mw><gra type="gra" index="2" head="3" relation="MOD"/></mor></w>
    <w>shop<mor type="mor"><mw><pos><c>n</c></pos><stem>shop</stem></mw><gra type="gra" index="3" head="1" relation="POBJ"/></mor></w>
    <t type="p"><mor type="mor"><mt type="p"/><gra type="gra" index="4" head="1" relation="PUNCT"/></mor></t>

  </u>
  <u who="CLI" uID="u43">
    <w>he's<mor type="mor"><mw><pos><c>pro</c><s>sub</s></pos><stem>he</stem></mw><gra type="gra" index="1" head="3" relation="SUBJ"/><mor-post><mw><pos><c>aux</c></pos><stem>be</stem><mk type="sfxf">3S</mk></mw><gra type="gra" index="2" head="3" relation="AUX"/></mor-post></mor></w>
    <w>working<mor type="mor"><mw><pos><c>part</c></pos><stem>work</stem><mk type="sfx">PRESP</mk></mw><gra type="gra" index="3" head="0" relation="ROOT"/></mor></w>
    <w>on<mor type="mor"><mw><pos><c>prep</c></pos><stem>on</stem></mw><gra type="gra" index="4" head="3" relation="JCT"/></mor></w>
    <w>cars<mor type="mor"><mw><pos><c>n</c></pos><stem>car</stem><mk type="sfx">PL</mk></mw><gra type="gra" index="5" head="4" relation="POBJ"/></mor></w>
    <w>in<mor type="mor"><mw><pos><c>prep</c></pos><stem>in</stem></mw><gra type="gra" index="6" head="5" relation="NJCT"/></mor></w>
    <w>the<mor type="mor"><mw><pos><c>art</c></pos><stem>the</stem></mw><gra type="gra" index="7" head="8" relation="MOD"/></mor></w>
    <w>shop<mor type="mor"><mw><pos><c>n</c></pos><stem>shop</stem></mw><gra type="gra" index="8" head="6" relation="POBJ"/></mor></w>
    <t type="p"><mor type="mor"><mt type="p"/><gra type="gra" index="9" head="3" relation="PUNCT"/></mor></t>

  </u>
  <u who="CHI" uID="u44">
    <w>street<mor type="mor"><mw><pos><c>n</c></pos><stem>street</stem></mw><gra type="gra" index="1" head="3" relation="MOD"/></mor></w>
    <w>cleaning<mor type="mor"><mw><pos><c>part</c></pos><stem>clean</stem><mk type="sfx">PRESP</mk></mw><gra type="gra" index="2" head="3" relation="MOD"/></mor></w>
    <w>truck<mor type="mor"><mw><pos><c>n</c></pos><stem>truck</stem></mw><gra type="gra" index="3" head="0" relation="INCROOT"/></mor></w>
    <t type="p"><mor type="mor"><mt type="p"/><gra type="gra" index="4" head="3" relation="PUNCT"/></mor></t>

  </u>
  <u who="CLI" uID="u45">
    <w type="fragment">mm</w>
    <w>ambulance<mor type="mor"><mw><pos><c>n</c></pos><stem>ambulance</stem></mw><gra type="gra" index="1" head="0" relation="INCROOT"/></mor></w>
    <t type="p"><mor type="mor"><mt type="p"/><gra type="gra" index="2" head="1" relation="PUNCT"/></mor></t>

  </u>
  <u who="CHI" uID="u46">
    <w>ambulance<mor type="mor"><mw><pos><c>n</c></pos><stem>ambulance</stem></mw><gra type="gra" index="1" head="0" relation="INCROOT"/></mor></w>
    <t type="p"><mor type="mor"><mt type="p"/><gra type="gra" index="2" head="1" relation="PUNCT"/></mor></t>

  </u>
  <u who="CHI" uID="u47">
    <w>oh<mor type="mor"><mw><pos><c>co</c></pos><stem>oh</stem></mw><gra type="gra" index="1" head="4" relation="COM"/></mor></w>
    <w>there<mor type="mor"><mw><pos><c>adv</c></pos><stem>there</stem></mw><gra type="gra" index="2" head="4" relation="JCT"/></mor></w>
    <w>is<mor type="mor"><mw><pos><c>cop</c></pos><stem>be</stem><mk type="sfxf">3S</mk></mw><gra type="gra" index="3" head="4" relation="SUBJ"/></mor></w>
    <w>number<mor type="mor"><mw><pos><c>v</c></pos><stem>number</stem></mw><gra type="gra" index="4" head="0" relation="ROOT"/></mor></w>
    <t type="p"><mor type="mor"><mt type="p"/><gra type="gra" index="5" head="4" relation="PUNCT"/></mor></t>

  </u>
  <u who="CLI" uID="u48">
    <w>is<mor type="mor"><mw><pos><c>cop</c></pos><stem>be</stem><mk type="sfxf">3S</mk></mw><gra type="gra" index="1" head="3" relation="LINK"/></mor></w>
    <w>Doug<mor type="mor"><mw><pos><c>n</c><s>prop</s></pos><stem>Doug</stem></mw><gra type="gra" index="2" head="3" relation="SUBJ"/></mor></w>
    <w>ready<mor type="mor"><mw><pos><c>v</c></pos><stem>ready</stem></mw><gra type="gra" index="3" head="0" relation="ROOT"/></mor></w>
    <w>for<mor type="mor"><mw><pos><c>prep</c></pos><stem>for</stem></mw><gra type="gra" index="4" head="3" relation="JCT"/></mor></w>
    <w>the<mor type="mor"><mw><pos><c>art</c></pos><stem>the</stem></mw><gra type="gra" index="5" head="6" relation="MOD"/></mor></w>
    <w>race<mor type="mor"><mw><pos><c>n</c></pos><stem>race</stem></mw><gra type="gra" index="6" head="4" relation="POBJ"/></mor></w>
    <t type="q"><mor type="mor"><mt type="q"/><gra type="gra" index="7" head="3" relation="PUNCT"/></mor></t>

  </u>
  <u who="CHI" uID="u49">
    <w>yeah<mor type="mor"><mw><pos><c>co</c></pos><stem>yeah</stem></mw><gra type="gra" index="1" head="0" relation="INCROOT"/></mor></w>
    <t type="p"><mor type="mor"><mt type="p"/><gra type="gra" index="2" head="1" relation="PUNCT"/></mor></t>

  </u>
  <u who="CLI" uID="u50">
    <w>okay<mor type="mor"><mw><pos><c>co</c></pos><stem>okay</stem></mw><gra type="gra" index="1" head="0" relation="INCROOT"/></mor></w>
    <t type="p"><mor type="mor"><mt type="p"/><gra type="gra" index="2" head="1" relation="PUNCT"/></mor></t>

  </u>
  <u who="CHI" uID="u51">
    <w>okay<mor type="mor"><mw><pos><c>co</c></pos><stem>okay</stem></mw><gra type="gra" index="1" head="2" relation="COM"/></mor></w>
    <w>race<mor type="mor"><mw><pos><c>n</c></pos><stem>race</stem></mw><gra type="gra" index="2" head="3" relation="MOD"/></mor></w>
    <w>cars<mor type="mor"><mw><pos><c>n</c></pos><stem>car</stem><mk type="sfx">PL</mk></mw><gra type="gra" index="3" head="0" relation="INCROOT"/></mor></w>
    <t type="p"><mor type="mor"><mt type="p"/><gra type="gra" index="4" head="3" relation="PUNCT"/></mor></t>

  </u>
  <u who="CLI" uID="u52">
    <w>I'm<mor type="mor"><mw><pos><c>pro</c><s>sub</s></pos><stem>I</stem></mw><gra type="gra" index="1" head="3" relation="SUBJ"/><mor-post><mw><pos><c>aux</c></pos><stem>be</stem><mk type="sfxf">1S</mk></mw><gra type="gra" index="2" head="3" relation="AUX"/></mor-post></mor></w>
    <w>gonna<mor type="mor"><mw><pos><c>part</c></pos><stem>go</stem><mk type="sfx">PRESP</mk></mw><gra type="gra" index="3" head="0" relation="ROOT"/><mor-post><mw><pos><c>inf</c></pos><stem>to</stem></mw><gra type="gra" index="4" head="5" relation="INF"/></mor-post></mor></w>
    <w>use<mor type="mor"><mw><pos><c>v</c></pos><stem>use</stem></mw><gra type="gra" index="5" head="3" relation="XCOMP"/></mor></w>
    <w>these<mor type="mor"><mw><pos><c>det</c></pos><stem>these</stem></mw><gra type="gra" index="6" head="8" relation="DET"/></mor></w>
    <w>two<mor type="mor"><mw><pos><c>det</c><s>num</s></pos><stem>two</stem></mw><gra type="gra" index="7" head="8" relation="QUANT"/></mor></w>
    <w>cars<mor type="mor"><mw><pos><c>n</c></pos><stem>car</stem><mk type="sfx">PL</mk></mw><gra type="gra" index="8" head="5" relation="OBJ"/></mor></w>
    <t type="p"><mor type="mor"><mt type="p"/><gra type="gra" index="9" head="3" relation="PUNCT"/></mor></t>

  </u>
  <u who="CLI" uID="u53">
    <w>what<mor type="mor"><mw><pos><c>pro</c><s>wh</s></pos><stem>what</stem></mw><gra type="gra" index="1" head="5" relation="LINK"/></mor></w>
    <w>cars<mor type="mor"><mw><pos><c>n</c></pos><stem>car</stem><mk type="sfx">PL</mk></mw><gra type="gra" index="2" head="5" relation="SUBJ"/></mor></w>
    <w>are<mor type="mor"><mw><pos><c>aux</c></pos><stem>be</stem><mk type="sfxf">PRES</mk></mw><gra type="gra" index="3" head="5" relation="AUX"/></mor></w>
    <w>you<mor type="mor"><mw><pos><c>pro</c></pos><stem>you</stem></mw><gra type="gra" index="4" head="5" relation="SUBJ"/></mor></w>
    <w>gonna<mor type="mor"><mw><pos><c>part</c></pos><stem>go</stem><mk type="sfx">PRESP</mk></mw><gra type="gra" index="5" head="0" relation="ROOT"/><mor-post><mw><pos><c>inf</c></pos><stem>to</stem></mw><gra type="gra" index="6" head="7" relation="INF"/></mor-post></mor></w>
    <w>use<mor type="mor"><mw><pos><c>v</c></pos><stem>use</stem></mw><gra type="gra" index="7" head="5" relation="XCOMP"/></mor></w>
    <t type="q"><mor type="mor"><mt type="q"/><gra type="gra" index="8" head="5" relation="PUNCT"/></mor></t>

  </u>
  <u who="CLI" uID="u54">
    <w>oops<mor type="mor"><mw><pos><c>co</c></pos><stem>oops</stem></mw><gra type="gra" index="1" head="0" relation="INCROOT"/></mor></w>
    <t type="p"><mor type="mor"><mt type="p"/><gra type="gra" index="2" head="1" relation="PUNCT"/></mor></t>

  </u>
  <u who="CHI" uID="u55">
    <w>I<mor type="mor"><mw><pos><c>pro</c><s>sub</s></pos><stem>I</stem></mw><gra type="gra" index="1" head="2" relation="SUBJ"/></mor></w>
    <w>set<mor type="mor"><mw><pos><c>v</c></pos><stem>set</stem><mk type="sfxf">ZERO</mk></mw><gra type="gra" index="2" head="0" relation="ROOT"/></mor></w>
    <w>it<mor type="mor"><mw><pos><c>pro</c></pos><stem>it</stem></mw><gra type="gra" index="3" head="2" relation="OBJ"/></mor></w>
    <w>right<mor type="mor"><mw><pos><c>adv</c></pos><stem>right</stem></mw><gra type="gra" index="4" head="2" relation="JCT"/></mor></w>
    <w>there<mor type="mor"><mw><pos><c>adv</c></pos><stem>there</stem></mw><gra type="gra" index="5" head="2" relation="JCT"/></mor></w>
    <t type="p"><mor type="mor"><mt type="p"/><gra type="gra" index="6" head="2" relation="PUNCT"/></mor></t>

  </u>
  <u who="CLI" uID="u56">
    <w>okay<mor type="mor"><mw><pos><c>co</c></pos><stem>okay</stem></mw><gra type="gra" index="1" head="0" relation="INCROOT"/></mor></w>
    <t type="p"><mor type="mor"><mt type="p"/><gra type="gra" index="2" head="1" relation="PUNCT"/></mor></t>

  </u>
  <u who="CHI" uID="u57">
    <w>I'm<mor type="mor"><mw><pos><c>pro</c><s>sub</s></pos><stem>I</stem></mw><gra type="gra" index="1" head="3" relation="SUBJ"/><mor-post><mw><pos><c>aux</c></pos><stem>be</stem><mk type="sfxf">1S</mk></mw><gra type="gra" index="2" head="3" relation="AUX"/></mor-post></mor></w>
    <g><w>put<mor type="mor"><mw><pos><c>v</c></pos><stem>put</stem><mk type="sfxf">ZERO</mk></mw><gra type="gra" index="3" head="0" relation="ROOT"/></mor></w><error>0ing</error></g>
    <w>this<mor type="mor"><mw><pos><c>pro</c><s>dem</s></pos><stem>this</stem></mw><gra type="gra" index="4" head="3" relation="OBJ"/></mor></w>
    <w>in<mor type="mor"><mw><pos><c>prep</c></pos><stem>in</stem></mw><gra type="gra" index="5" head="3" relation="JCT"/></mor></w>
    <w>the<mor type="mor"><mw><pos><c>art</c></pos><stem>the</stem></mw><gra type="gra" index="6" head="7" relation="MOD"/></mor></w>
    <w>pits<mor type="mor"><mw><pos><c>n</c></pos><stem>pit</stem><mk type="sfx">PL</mk></mw><gra type="gra" index="7" head="5" relation="POBJ"/></mor></w>
    <t type="p"><mor type="mor"><mt type="p"/><gra type="gra" index="8" head="3" relation="PUNCT"/></mor></t>

  </u>
  <u who="CHI" uID="u58">
    <w>no<mor type="mor"><mw><pos><c>co</c></pos><stem>no</stem></mw><gra type="gra" index="1" head="2" relation="COM"/></mor></w>
    <w>race<mor type="mor"><mw><pos><c>n</c></pos><stem>race</stem></mw><gra type="gra" index="2" head="0" relation="INCROOT"/></mor></w>
    <w>these<mor type="mor"><mw><pos><c>det</c></pos><stem>these</stem></mw><gra type="gra" index="3" head="4" relation="DET"/></mor></w>
    <w>two<mor type="mor"><mw><pos><c>det</c><s>num</s></pos><stem>two</stem></mw><gra type="gra" index="4" head="2" relation="OBJ"/></mor></w>
    <w>or<mor type="mor"><mw><pos><c>coord</c></pos><stem>or</stem></mw><gra type="gra" index="5" head="4" relation="COORD"/></mor></w>
    <w>he's<mor type="mor"><mw><pos><c>pro</c><s>sub</s></pos><stem>he</stem></mw><gra type="gra" index="6" head="8" relation="SUBJ"/><mor-post><mw><pos><c>aux</c></pos><stem>be</stem><mk type="sfxf">3S</mk></mw><gra type="gra" index="7" head="8" relation="AUX"/></mor-post></mor></w>
    <w>gonna<mor type="mor"><mw><pos><c>part</c></pos><stem>go</stem><mk type="sfx">PRESP</mk></mw><gra type="gra" index="8" head="5" relation="CONJ"/><mor-post><mw><pos><c>inf</c></pos><stem>to</stem></mw><gra type="gra" index="9" head="10" relation="INF"/></mor-post></mor></w>
    <w>race<mor type="mor"><mw><pos><c>v</c></pos><stem>race</stem></mw><gra type="gra" index="10" head="8" relation="XCOMP"/></mor></w>
    <t type="p"><mor type="mor"><mt type="p"/><gra type="gra" index="11" head="2" relation="PUNCT"/></mor></t>

  </u>
  <u who="CLI" uID="u59">
    <w>ready<mor type="mor"><mw><pos><c>adj</c></pos><stem>ready</stem></mw><gra type="gra" index="1" head="0" relation="INCROOT"/></mor></w>
    <w>to<mor type="mor"><mw><pos><c>inf</c></pos><stem>to</stem></mw><gra type="gra" index="2" head="3" relation="INF"/></mor></w>
    <w>race<mor type="mor"><mw><pos><c>v</c></pos><stem>race</stem></mw><gra type="gra" index="3" head="1" relation="XCOMP"/></mor></w>
    <t type="q"><mor type="mor"><mt type="q"/><gra type="gra" index="4" head="1" relation="PUNCT"/></mor></t>

  </u>
  <u who="CHI" uID="u60">
    <w>yeah<mor type="mor"><mw><pos><c>co</c></pos><stem>yeah</stem></mw><gra type="gra" index="1" head="0" relation="INCROOT"/></mor></w>
    <t type="p"><mor type="mor"><mt type="p"/><gra type="gra" index="2" head="1" relation="PUNCT"/></mor></t>

  </u>
  <u who="CLI" uID="u61">
    <w type="omission">n<mor type="mor"><mw><pos><c>0n</c></pos><stem>n</stem></mw><gra type="gra" index="1" head="0" relation="INCROOT"/></mor></w>
    <w>your<mor type="mor"><mw><pos><c>pro</c><s>poss</s><s>det</s></pos><stem>your</stem></mw><gra type="gra" index="2" head="3" relation="MOD"/></mor></w>
    <w>mark<mor type="mor"><mw><pos><c>n</c></pos><stem>mark</stem></mw><gra type="gra" index="3" head="1" relation="OBJ"/></mor></w>
    <t type="p"><mor type="mor"><mt type="p"/><gra type="gra" index="4" head="1" relation="PUNCT"/></mor></t>

  </u>
  <u who="CHI" uID="u62">
    <w>get<mor type="mor"><mw><pos><c>v</c></pos><stem>get</stem></mw><gra type="gra" index="1" head="0" relation="ROOT"/></mor></w>
    <w>set<mor type="mor"><mw><pos><c>n</c></pos><stem>set</stem></mw><gra type="gra" index="2" head="1" relation="OBJ"/></mor></w>
    <t type="p"><mor type="mor"><mt type="p"/><gra type="gra" index="3" head="1" relation="PUNCT"/></mor></t>

  </u>
  <u who="CLI" uID="u63">
    <w>get<mor type="mor"><mw><pos><c>v</c></pos><stem>get</stem></mw><gra type="gra" index="1" head="0" relation="ROOT"/></mor></w>
    <w>set<mor type="mor"><mw><pos><c>n</c></pos><stem>set</stem></mw><gra type="gra" index="2" head="1" relation="OBJ"/></mor></w>
    <t type="p"><mor type="mor"><mt type="p"/><gra type="gra" index="3" head="1" relation="PUNCT"/></mor></t>

  </u>
  <u who="CHI" uID="u64">
    <w>go<mor type="mor"><mw><pos><c>v</c></pos><stem>go</stem></mw><gra type="gra" index="1" head="0" relation="ROOT"/></mor></w>
    <t type="p"><mor type="mor"><mt type="p"/><gra type="gra" index="2" head="1" relation="PUNCT"/></mor></t>

  </u>
  <u who="CLI" uID="u65">
    <w>go<mor type="mor"><mw><pos><c>v</c></pos><stem>go</stem></mw><gra type="gra" index="1" head="0" relation="ROOT"/></mor></w>
    <t type="p"><mor type="mor"><mt type="p"/><gra type="gra" index="2" head="1" relation="PUNCT"/></mor></t>

  </u>
  <u who="CLI" uID="u66">
    <g><w>sound</w>
    <w>effects</w><k type="retracing unclear"/></g>
    <t type="p"></t>

  </u>
  <u who="CLI" uID="u67">
    <w>where's<mor type="mor"><mw><pos><c>adv</c><s>wh</s></pos><stem>where</stem></mw><gra type="gra" index="1" head="2" relation="LINK"/><mor-post><mw><pos><c>cop</c></pos><stem>be</stem><mk type="sfxf">3S</mk></mw><gra type="gra" index="2" head="0" relation="ROOT"/></mor-post></mor></w>
    <w>Doug's<mor type="mor"><mw><pos><c>n</c><s>prop</s></pos><stem>Doug</stem></mw><gra type="gra" index="3" head="5" relation="MOD"/><mor-post><mw><pos><c>poss</c></pos><stem>s</stem></mw><gra type="gra" index="4" head="3" relation="POSS"/></mor-post></mor></w>
    <w>cars<mor type="mor"><mw><pos><c>n</c></pos><stem>car</stem><mk type="sfx">PL</mk></mw><gra type="gra" index="5" head="2" relation="PRED"/></mor></w>
    <t type="q"><mor type="mor"><mt type="q"/><gra type="gra" index="6" head="2" relation="PUNCT"/></mor></t>

  </u>
  <u who="CLI" uID="u68">
    <w>come<mor type="mor"><mw><pos><c>v</c></pos><stem>come</stem></mw><gra type="gra" index="1" head="0" relation="ROOT"/></mor></w>
    <w>on<mor type="mor"><mw><pos><c>adv</c></pos><stem>on</stem></mw><gra type="gra" index="2" head="1" relation="JCT"/></mor></w>
    <t type="p"><mor type="mor"><mt type="p"/><gra type="gra" index="3" head="1" relation="PUNCT"/></mor></t>

  </u>
  <u who="CLI" uID="u69">
    <w>once<mor type="mor"><mw><pos><c>adv</c></pos><stem>once</stem></mw><gra type="gra" index="1" head="2" relation="JCT"/></mor></w>
    <w>around<mor type="mor"><mw><pos><c>prep</c></pos><stem>around</stem></mw><gra type="gra" index="2" head="0" relation="ROOT"/></mor></w>
    <t type="p"><mor type="mor"><mt type="p"/><gra type="gra" index="3" head="2" relation="PUNCT"/></mor></t>

  </u>
  <u who="CHI" uID="u70">
    <w>once<mor type="mor"><mw><pos><c>adv</c></pos><stem>once</stem></mw><gra type="gra" index="1" head="0" relation="INCROOT"/></mor></w>
    <w>in<mor type="mor"><mw><pos><c>prep</c></pos><stem>in</stem></mw><gra type="gra" index="2" head="1" relation="JCT"/></mor></w>
    <w>a<mor type="mor"><mw><pos><c>art</c></pos><stem>a</stem></mw><gra type="gra" index="3" head="4" relation="MOD"/></mor></w>
    <w>round<mor type="mor"><mw><pos><c>n</c></pos><stem>round</stem></mw><gra type="gra" index="4" head="2" relation="POBJ"/></mor></w>
    <t type="p"><mor type="mor"><mt type="p"/><gra type="gra" index="5" head="1" relation="PUNCT"/></mor></t>

  </u>
  <u who="CHI" uID="u71">
    <w untranscribed="unintelligible">xxx</w>
    <t type="p"></t>

  </u>
  <u who="CLI" uID="u72">
    <w>good<mor type="mor"><mw><pos><c>adj</c></pos><stem>good</stem></mw><gra type="gra" index="1" head="2" relation="MOD"/></mor></w>
    <w>car<mor type="mor"><mw><pos><c>n</c></pos><stem>car</stem></mw><gra type="gra" index="2" head="3" relation="SUBJ"/></mor></w>
    <w>sounds<mor type="mor"><mw><pos><c>v</c></pos><stem>sound</stem><mk type="sfx">3S</mk></mw><gra type="gra" index="3" head="0" relation="ROOT"/></mor></w>
    <w>Doug<mor type="mor"><mw><pos><c>n</c><s>prop</s></pos><stem>Doug</stem></mw><gra type="gra" index="4" head="3" relation="OBJ"/></mor></w>
    <t type="p"><mor type="mor"><mt type="p"/><gra type="gra" index="5" head="3" relation="PUNCT"/></mor></t>

  </u>
  <u who="CLI" uID="u73">
    <w>pit<mor type="mor"><mw><pos><c>n</c></pos><stem>pit</stem></mw><gra type="gra" index="1" head="2" relation="MOD"/></mor></w>
    <w>stop<mor type="mor"><mw><pos><c>n</c></pos><stem>stop</stem></mw><gra type="gra" index="2" head="0" relation="INCROOT"/></mor></w>
    <t type="p"><mor type="mor"><mt type="p"/><gra type="gra" index="3" head="2" relation="PUNCT"/></mor></t>

  </u>
  <u who="CHI" uID="u74">
    <w>car<mor type="mor"><mw><pos><c>n</c></pos><stem>car</stem></mw><gra type="gra" index="1" head="2" relation="MOD"/></mor></w>
    <g><w>stop<mor type="mor"><mw><pos><c>n</c></pos><stem>stop</stem></mw><gra type="gra" index="2" head="0" relation="INCROOT"/></mor></w><error>0es</error></g>
    <t type="p"><mor type="mor"><mt type="p"/><gra type="gra" index="3" head="2" relation="PUNCT"/></mor></t>

  </u>
  <u who="CHI" uID="u75">
    <w>use<mor type="mor"><mw><pos><c>v</c></pos><stem>use</stem></mw><gra type="gra" index="1" head="0" relation="ROOT"/></mor></w>
    <w>the<mor type="mor"><mw><pos><c>art</c></pos><stem>the</stem></mw><gra type="gra" index="2" head="3" relation="MOD"/></mor></w>
    <w>ambulance<mor type="mor"><mw><pos><c>n</c></pos><stem>ambulance</stem></mw><gra type="gra" index="3" head="1" relation="OBJ"/></mor></w>
    <t type="p"><mor type="mor"><mt type="p"/><gra type="gra" index="4" head="1" relation="PUNCT"/></mor></t>

  </u>
  <u who="CLI" uID="u76">
    <w>okay<mor type="mor"><mw><pos><c>co</c></pos><stem>okay</stem></mw><gra type="gra" index="1" head="2" relation="COM"/></mor></w>
    <w>do<mor type="mor"><mw><pos><c>v</c></pos><stem>do</stem></mw><gra type="gra" index="2" head="0" relation="ROOT"/></mor></w>
    <w>you<mor type="mor"><mw><pos><c>pro</c></pos><stem>you</stem></mw><gra type="gra" index="3" head="2" relation="OBJ"/></mor></w>
    <w>want<mor type="mor"><mw><pos><c>v</c></pos><stem>want</stem></mw><gra type="gra" index="4" head="2" relation="CJCT"/></mor></w>
    <w>me<mor type="mor"><mw><pos><c>pro</c><s>obj</s></pos><stem>me</stem></mw><gra type="gra" index="5" head="4" relation="OBJ"/></mor></w>
    <w>to<mor type="mor"><mw><pos><c>prep</c></pos><stem>to</stem></mw><gra type="gra" index="6" head="4" relation="JCT"/></mor></w>
    <t type="q"><mor type="mor"><mt type="q"/><gra type="gra" index="7" head="2" relation="PUNCT"/></mor></t>

  </u>
  <u who="CHI" uID="u77">
    <w>one<mor type="mor"><mw><pos><c>det</c><s>num</s></pos><stem>one</stem></mw><gra type="gra" index="1" head="2" relation="QUANT"/></mor></w>
    <w>race<mor type="mor"><mw><pos><c>n</c></pos><stem>race</stem></mw><gra type="gra" index="2" head="3" relation="MOD"/></mor></w>
    <w>car<mor type="mor"><mw><pos><c>n</c></pos><stem>car</stem></mw><gra type="gra" index="3" head="0" relation="INCROOT"/></mor></w>
    <t type="p"><mor type="mor"><mt type="p"/><gra type="gra" index="4" head="3" relation="PUNCT"/></mor></t>

  </u>
  <u who="CLI" uID="u78">
    <w>ready<mor type="mor"><mw><pos><c>adj</c></pos><stem>ready</stem></mw><gra type="gra" index="1" head="0" relation="INCROOT"/></mor></w>
    <t type="q"><mor type="mor"><mt type="q"/><gra type="gra" index="2" head="1" relation="PUNCT"/></mor></t>

  </u>
  <u who="CHI" uID="u79">
    <w>get<mor type="mor"><mw><pos><c>v</c></pos><stem>get</stem></mw><gra type="gra" index="1" head="0" relation="ROOT"/></mor></w>
    <w>set<mor type="mor"><mw><pos><c>n</c></pos><stem>set</stem></mw><gra type="gra" index="2" head="1" relation="OBJ"/></mor></w>
    <t type="p"><mor type="mor"><mt type="p"/><gra type="gra" index="3" head="1" relation="PUNCT"/></mor></t>

  </u>
  <u who="CLI" uID="u80">
    <w>get<mor type="mor"><mw><pos><c>v</c></pos><stem>get</stem></mw><gra type="gra" index="1" head="0" relation="ROOT"/></mor></w>
    <w>set<mor type="mor"><mw><pos><c>n</c></pos><stem>set</stem></mw><gra type="gra" index="2" head="1" relation="OBJ"/></mor></w>
    <t type="p"><mor type="mor"><mt type="p"/><gra type="gra" index="3" head="1" relation="PUNCT"/></mor></t>

  </u>
  <u who="CHI" uID="u81">
    <w>go<mor type="mor"><mw><pos><c>v</c></pos><stem>go</stem></mw><gra type="gra" index="1" head="0" relation="ROOT"/></mor></w>
    <t type="p"><mor type="mor"><mt type="p"/><gra type="gra" index="2" head="1" relation="PUNCT"/></mor></t>

  </u>
  <u who="CLI" uID="u82">
    <w>go<mor type="mor"><mw><pos><c>v</c></pos><stem>go</stem></mw><gra type="gra" index="1" head="0" relation="ROOT"/></mor></w>
    <t type="p"><mor type="mor"><mt type="p"/><gra type="gra" index="2" head="1" relation="PUNCT"/></mor></t>

  </u>
  <u who="CLI" uID="u83">
    <g><w>sound</w>
    <w>effects</w><k type="retracing unclear"/></g>
    <t type="p"></t>

  </u>
  <u who="CHI" uID="u84">
    <w untranscribed="unintelligible">xxx</w>
    <t type="p"></t>

  </u>
  <u who="CLI" uID="u85">
    <w>what<mor type="mor"><mw><pos><c>pro</c><s>wh</s></pos><stem>what</stem></mw><gra type="gra" index="1" head="2" relation="LINK"/></mor></w>
    <w>happened<mor type="mor"><mw><pos><c>v</c></pos><stem>happen</stem><mk type="sfx">PAST</mk></mw><gra type="gra" index="2" head="0" relation="ROOT"/></mor></w>
    <t type="q"><mor type="mor"><mt type="q"/><gra type="gra" index="3" head="2" relation="PUNCT"/></mor></t>

  </u>
  <u who="CHI" uID="u86">
    <w>it<mor type="mor"><mw><pos><c>pro</c></pos><stem>it</stem></mw><gra type="gra" index="1" head="2" relation="SUBJ"/></mor></w>
    <w>tipped<mor type="mor"><mw><pos><c>v</c></pos><stem>tip</stem><mk type="sfx">PAST</mk></mw><gra type="gra" index="2" head="0" relation="ROOT"/></mor></w>
    <w>over<mor type="mor"><mw><pos><c>adv</c></pos><stem>over</stem></mw><gra type="gra" index="3" head="2" relation="JCT"/></mor></w>
    <t type="p"><mor type="mor"><mt type="p"/><gra type="gra" index="4" head="2" relation="PUNCT"/></mor></t>

  </u>
  <u who="CLI" uID="u87">
    <w>it<mor type="mor"><mw><pos><c>pro</c></pos><stem>it</stem></mw><gra type="gra" index="1" head="2" relation="SUBJ"/></mor></w>
    <w>tipped<mor type="mor"><mw><pos><c>v</c></pos><stem>tip</stem><mk type="sfx">PAST</mk></mw><gra type="gra" index="2" head="0" relation="ROOT"/></mor></w>
    <w>over<mor type="mor"><mw><pos><c>adv</c></pos><stem>over</stem></mw><gra type="gra" index="3" head="2" relation="JCT"/></mor></w>
    <t type="p"><mor type="mor"><mt type="p"/><gra type="gra" index="4" head="2" relation="PUNCT"/></mor></t>

  </u>
  <u who="CLI" uID="u88">
    <w>it<mor type="mor"><mw><pos><c>pro</c></pos><stem>it</stem></mw><gra type="gra" index="1" head="2" relation="SUBJ"/></mor></w>
    <w>had<mor type="mor"><mw><pos><c>v</c></pos><stem>have</stem><mk type="sfxf">PAST</mk></mw><gra type="gra" index="2" head="0" relation="ROOT"/></mor></w>
    <w>an<mor type="mor"><mw><pos><c>art</c></pos><stem>a</stem></mw><gra type="gra" index="3" head="4" relation="MOD"/></mor></w>
    <w>accident<mor type="mor"><mw><pos><c>n</c></pos><stem>accident</stem></mw><gra type="gra" index="4" head="2" relation="OBJ"/></mor></w>
    <t type="p"><mor type="mor"><mt type="p"/><gra type="gra" index="5" head="2" relation="PUNCT"/></mor></t>

  </u>
  <u who="CHI" uID="u89">
    <w untranscribed="unintelligible">xxx</w>
    <t type="p"></t>

  </u>
  <u who="CHI" uID="u90">
    <w>you<mor type="mor"><mw><pos><c>pro</c></pos><stem>you</stem></mw><gra type="gra" index="1" head="2" relation="SUBJ"/></mor></w>
    <w>use<mor type="mor"><mw><pos><c>v</c></pos><stem>use</stem></mw><gra type="gra" index="2" head="0" relation="ROOT"/></mor></w>
    <w>my<mor type="mor"><mw><pos><c>pro</c><s>poss</s><s>det</s></pos><stem>my</stem></mw><gra type="gra" index="3" head="6" relation="MOD"/></mor></w>
    <w>two<mor type="mor"><mw><pos><c>det</c><s>num</s></pos><stem>two</stem></mw><gra type="gra" index="4" head="5" relation="QUANT"/></mor></w>
    <w>race<mor type="mor"><mw><pos><c>n</c></pos><stem>race</stem></mw><gra type="gra" index="5" head="6" relation="MOD"/></mor></w>
    <w>cars<mor type="mor"><mw><pos><c>n</c></pos><stem>car</stem><mk type="sfx">PL</mk></mw><gra type="gra" index="6" head="2" relation="OBJ"/></mor></w>
    <t type="p"><mor type="mor"><mt type="p"/><gra type="gra" index="7" head="2" relation="PUNCT"/></mor></t>

  </u>
  <u who="CLI" uID="u91">
    <w>will<mor type="mor"><mw><pos><c>mod</c></pos><stem>will</stem></mw><gra type="gra" index="1" head="3" relation="AUX"/></mor></w>
    <w>I<mor type="mor"><mw><pos><c>pro</c><s>sub</s></pos><stem>I</stem></mw><gra type="gra" index="2" head="3" relation="SUBJ"/></mor></w>
    <w>use<mor type="mor"><mw><pos><c>v</c></pos><stem>use</stem></mw><gra type="gra" index="3" head="0" relation="ROOT"/></mor></w>
    <w>you<mor type="mor"><mw><pos><c>pro</c></pos><stem>you</stem></mw><gra type="gra" index="4" head="3" relation="OBJ"/></mor></w>
    <w>two<mor type="mor"><mw><pos><c>det</c><s>num</s></pos><stem>two</stem></mw><gra type="gra" index="5" head="6" relation="QUANT"/></mor></w>
    <w>race<mor type="mor"><mw><pos><c>n</c></pos><stem>race</stem></mw><gra type="gra" index="6" head="7" relation="MOD"/></mor></w>
    <w>cars<mor type="mor"><mw><pos><c>n</c></pos><stem>car</stem><mk type="sfx">PL</mk></mw><gra type="gra" index="7" head="3" relation="OBJ"/></mor></w>
    <t type="q"><mor type="mor"><mt type="q"/><gra type="gra" index="8" head="3" relation="PUNCT"/></mor></t>

  </u>
  <u who="CLI" uID="u92">
    <w>uhhuh<mor type="mor"><mw><pos><c>co</c></pos><stem>uhhuh</stem></mw><gra type="gra" index="1" head="0" relation="INCROOT"/></mor></w>
    <t type="p"><mor type="mor"><mt type="p"/><gra type="gra" index="2" head="1" relation="PUNCT"/></mor></t>

  </u>
  <u who="CLI" uID="u93">
    <w>we'd<mor type="mor"><mw><pos><c>pro</c><s>sub</s></pos><stem>we</stem></mw><gra type="gra" index="1" head="4" relation="SUBJ"/><mor-post><mw><pos><c>mod</c></pos><stem>genmod</stem></mw><gra type="gra" index="2" head="4" relation="AUX"/></mor-post></mor></w>
    <w>better<mor type="mor"><mw><pos><c>adv</c></pos><stem>good</stem><mk type="sfxf">CP</mk></mw><gra type="gra" index="3" head="4" relation="JCT"/></mor></w>
    <w>get<mor type="mor"><mw><pos><c>v</c></pos><stem>get</stem></mw><gra type="gra" index="4" head="0" relation="ROOT"/></mor></w>
    <w>the<mor type="mor"><mw><pos><c>art</c></pos><stem>the</stem></mw><gra type="gra" index="5" head="4" relation="OBJ"/></mor></w>
    <w>fire<mor type="mor"><mw><pos><c>n</c></pos><stem>fire</stem></mw><gra type="gra" index="6" head="7" relation="MOD"/></mor></w>
    <w>engine<mor type="mor"><mw><pos><c>n</c></pos><stem>engine</stem></mw><gra type="gra" index="7" head="5" relation="XMOD"/></mor></w>
    <w>over<mor type="mor"><mw><pos><c>adv</c></pos><stem>over</stem></mw><gra type="gra" index="8" head="7" relation="NJCT"/></mor></w>
    <w>here<mor type="mor"><mw><pos><c>adv</c></pos><stem>here</stem></mw><gra type="gra" index="9" head="8" relation="JCT"/></mor></w>
    <t type="p"><mor type="mor"><mt type="p"/><gra type="gra" index="10" head="4" relation="PUNCT"/></mor></t>

  </u>
  <u who="CLI" uID="u94">
    <w>cause<mor type="mor"><mw><pos><c>n</c></pos><stem>cause</stem></mw><gra type="gra" index="1" head="3" relation="LINK"/></mor></w>
    <w>they<mor type="mor"><mw><pos><c>pro</c><s>sub</s></pos><stem>they</stem></mw><gra type="gra" index="2" head="3" relation="SUBJ"/></mor></w>
    <w>tipped<mor type="mor"><mw><pos><c>v</c></pos><stem>tip</stem><mk type="sfx">PAST</mk></mw><gra type="gra" index="3" head="0" relation="ROOT"/></mor></w>
    <w>over<mor type="mor"><mw><pos><c>adv</c></pos><stem>over</stem></mw><gra type="gra" index="4" head="3" relation="JCT"/></mor></w>
    <t type="p"><mor type="mor"><mt type="p"/><gra type="gra" index="5" head="3" relation="PUNCT"/></mor></t>

  </u>
  <u who="CLI" uID="u95">
    <w>could've<mor type="mor"><mw><pos><c>mod</c></pos><stem>could</stem></mw><gra type="gra" index="1" head="3" relation="AUX"/><mor-post><mw><pos><c>aux</c></pos><stem>have</stem></mw><gra type="gra" index="2" head="3" relation="AUX"/></mor-post></mor></w>
    <w>started<mor type="mor"><mw><pos><c>part</c></pos><stem>start</stem><mk type="sfx">PASTP</mk></mw><gra type="gra" index="3" head="0" relation="ROOT"/></mor></w>
    <w>on<mor type="mor"><mw><pos><c>prep</c></pos><stem>on</stem></mw><gra type="gra" index="4" head="3" relation="JCT"/></mor></w>
    <w>fire<mor type="mor"><mw><pos><c>n</c></pos><stem>fire</stem></mw><gra type="gra" index="5" head="4" relation="POBJ"/></mor></w>
    <t type="p"><mor type="mor"><mt type="p"/><gra type="gra" index="6" head="3" relation="PUNCT"/></mor></t>

  </u>
  <u who="CHI" uID="u96">
    <w>nope<mor type="mor"><mw><pos><c>co</c></pos><stem>nope</stem></mw><gra type="gra" index="1" head="0" relation="INCROOT"/></mor></w>
    <t type="p"><mor type="mor"><mt type="p"/><gra type="gra" index="2" head="1" relation="PUNCT"/></mor></t>

  </u>
  <u who="CLI" uID="u97">
    <w>they<mor type="mor"><mw><pos><c>pro</c><s>sub</s></pos><stem>they</stem></mw><gra type="gra" index="1" head="4" relation="SUBJ"/></mor></w>
    <w>didn't<mor type="mor"><mw><pos><c>mod</c></pos><stem>do</stem><mk type="sfxf">PAST</mk></mw><gra type="gra" index="2" head="4" relation="AUX"/><mor-post><mw><pos><c>neg</c></pos><stem>not</stem></mw><gra type="gra" index="3" head="2" relation="NEG"/></mor-post></mor></w>
    <w>did<mor type="mor"><mw><pos><c>mod</c></pos><stem>do</stem><mk type="sfxf">PAST</mk></mw><gra type="gra" index="4" head="0" relation="ROOT"/></mor></w>
    <w>they<mor type="mor"><mw><pos><c>pro</c><s>sub</s></pos><stem>they</stem></mw><gra type="gra" index="5" head="6" relation="SUBJ"/></mor></w>
    <w>though<mor type="mor"><mw><pos><c>adv</c></pos><stem>though</stem></mw><gra type="gra" index="6" head="4" relation="JCT"/></mor></w>
    <t type="q"><mor type="mor"><mt type="q"/><gra type="gra" index="7" head="4" relation="PUNCT"/></mor></t>

  </u>
  <u who="CHI" uID="u98">
    <w>no<mor type="mor"><mw><pos><c>co</c></pos><stem>no</stem></mw><gra type="gra" index="1" head="0" relation="INCROOT"/></mor></w>
    <t type="p"><mor type="mor"><mt type="p"/><gra type="gra" index="2" head="1" relation="PUNCT"/></mor></t>

  </u>
  <u who="CHI" uID="u99">
    <w>they<mor type="mor"><mw><pos><c>pro</c><s>sub</s></pos><stem>they</stem></mw><gra type="gra" index="1" head="2" relation="SUBJ"/></mor></w>
    <w>start<mor type="mor"><mw><pos><c>v</c></pos><stem>start</stem></mw><gra type="gra" index="2" head="0" relation="ROOT"/></mor></w>
    <w>on<mor type="mor"><mw><pos><c>prep</c></pos><stem>on</stem></mw><gra type="gra" index="3" head="2" relation="JCT"/></mor></w>
    <w>fire<mor type="mor"><mw><pos><c>n</c></pos><stem>fire</stem></mw><gra type="gra" index="4" head="3" relation="POBJ"/></mor></w>
    <t type="p"><mor type="mor"><mt type="p"/><gra type="gra" index="5" head="2" relation="PUNCT"/></mor></t>

  </u>
  <u who="CLI" uID="u100">
    <w>get<mor type="mor"><mw><pos><c>v</c></pos><stem>get</stem></mw><gra type="gra" index="1" head="0" relation="ROOT"/></mor></w>
    <w>the<mor type="mor"><mw><pos><c>art</c></pos><stem>the</stem></mw><gra type="gra" index="2" head="1" relation="OBJ"/></mor></w>
    <w>first<mor type="mor"><mw><pos><c>adj</c></pos><stem>first</stem></mw><gra type="gra" index="3" head="5" relation="MOD"/></mor></w>
    <w>aid<mor type="mor"><mw><pos><c>n</c></pos><stem>aid</stem></mw><gra type="gra" index="4" head="5" relation="MOD"/></mor></w>
    <w>lady<mor type="mor"><mw><pos><c>n</c></pos><stem>lady</stem></mw><gra type="gra" index="5" head="2" relation="COORD"/></mor></w>
    <w>over<mor type="mor"><mw><pos><c>adv</c></pos><stem>over</stem></mw><gra type="gra" index="6" head="5" relation="NJCT"/></mor></w>
    <w>here<mor type="mor"><mw><pos><c>adv</c></pos><stem>here</stem></mw><gra type="gra" index="7" head="5" relation="JCT"/></mor></w>
    <w>in_case<mor type="mor"><mw><pos><c>conj</c></pos><stem>in_case</stem></mw><gra type="gra" index="8" head="7" relation="JCT"/></mor></w>
    <w>they<mor type="mor"><mw><pos><c>pro</c><s>sub</s></pos><stem>they</stem></mw><gra type="gra" index="9" head="10" relation="SUBJ"/></mor></w>
    <w>get<mor type="mor"><mw><pos><c>v</c></pos><stem>get</stem></mw><gra type="gra" index="10" head="8" relation="POBJ"/></mor></w>
    <w>hurt<mor type="mor"><mw><pos><c>v</c></pos><stem>hurt</stem><mk type="sfxf">ZERO</mk></mw><gra type="gra" index="11" head="10" relation="OBJ"/></mor></w>
    <t type="p"><mor type="mor"><mt type="p"/><gra type="gra" index="12" head="1" relation="PUNCT"/></mor></t>

  </u>
  <u who="CHI" uID="u101">
    <w untranscribed="unintelligible">xxx</w>
    <t type="p"></t>

  </u>
  <u who="CLI" uID="u102">
    <w>crush<mor type="mor"><mw><pos><c>n</c></pos><stem>crush</stem></mw><gra type="gra" index="1" head="0" relation="INCROOT"/></mor></w>
    <t type="p"><mor type="mor"><mt type="p"/><gra type="gra" index="2" head="1" relation="PUNCT"/></mor></t>

  </u>
  <u who="CHI" uID="u103">
    <w untranscribed="unintelligible">xxx</w>
    <t type="p"></t>

  </u>
  <u who="CLI" uID="u104">
    <w>oh<mor type="mor"><mw><pos><c>co</c></pos><stem>oh</stem></mw><gra type="gra" index="1" head="3" relation="COM"/></mor></w>
    <w>you<mor type="mor"><mw><pos><c>pro</c></pos><stem>you</stem></mw><gra type="gra" index="2" head="3" relation="SUBJ"/></mor></w>
    <w>passed<mor type="mor"><mw><pos><c>v</c></pos><stem>pass</stem><mk type="sfx">PAST</mk></mw><gra type="gra" index="3" head="0" relation="ROOT"/></mor></w>
    <w>me<mor type="mor"><mw><pos><c>pro</c><s>obj</s></pos><stem>me</stem></mw><gra type="gra" index="4" head="3" relation="OBJ"/></mor></w>
    <t type="p"><mor type="mor"><mt type="p"/><gra type="gra" index="5" head="3" relation="PUNCT"/></mor></t>

  </u>
  <u who="CHI" uID="u105">
    <w>this<mor type="mor"><mw><pos><c>pro</c><s>dem</s></pos><stem>this</stem></mw><gra type="gra" index="1" head="2" relation="SUBJ"/></mor></w>
    <w>is<mor type="mor"><mw><pos><c>cop</c></pos><stem>be</stem><mk type="sfxf">3S</mk></mw><gra type="gra" index="2" head="0" relation="ROOT"/></mor></w>
    <w>the<mor type="mor"><mw><pos><c>art</c></pos><stem>the</stem></mw><gra type="gra" index="3" head="4" relation="MOD"/></mor></w>
    <w>racetrack<mor type="mor"><mwc><pos><c>n</c></pos><mw><pos><c>n</c></pos><stem>race</stem></mw><mw><pos><c>n</c></pos><stem>track</stem></mw></mwc><gra type="gra" index="4" head="2" relation="PRED"/></mor></w>
    <t type="p"><mor type="mor"><mt type="p"/><gra type="gra" index="5" head="2" relation="PUNCT"/></mor></t>

  </u>
  <u who="CHI" uID="u106">
    <w>this<mor type="mor"><mw><pos><c>pro</c><s>dem</s></pos><stem>this</stem></mw><gra type="gra" index="1" head="2" relation="SUBJ"/></mor></w>
    <w>is<mor type="mor"><mw><pos><c>cop</c></pos><stem>be</stem><mk type="sfxf">3S</mk></mw><gra type="gra" index="2" head="0" relation="ROOT"/></mor></w>
    <w>the<mor type="mor"><mw><pos><c>art</c></pos><stem>the</stem></mw><gra type="gra" index="3" head="4" relation="MOD"/></mor></w>
    <w>racetrack<mor type="mor"><mwc><pos><c>n</c></pos><mw><pos><c>n</c></pos><stem>race</stem></mw><mw><pos><c>n</c></pos><stem>track</stem></mw></mwc><gra type="gra" index="4" head="2" relation="PRED"/></mor></w>
    <t type="p"><mor type="mor"><mt type="p"/><gra type="gra" index="5" head="2" relation="PUNCT"/></mor></t>

  </u>
  <u who="CLI" uID="u107">
    <w>yes<mor type="mor"><mw><pos><c>co</c></pos><stem>yes</stem></mw><gra type="gra" index="1" head="4" relation="COM"/></mor></w>
    <w>Doug<mor type="mor"><mw><pos><c>n</c><s>prop</s></pos><stem>Doug</stem></mw><gra type="gra" index="2" head="4" relation="JCT"/></mor></w>
    <w>that's<mor type="mor"><mw><pos><c>pro</c><s>dem</s></pos><stem>that</stem></mw><gra type="gra" index="3" head="4" relation="SUBJ"/><mor-post><mw><pos><c>cop</c></pos><stem>be</stem><mk type="sfxf">3S</mk></mw><gra type="gra" index="4" head="0" relation="ROOT"/></mor-post></mor></w>
    <w>a<mor type="mor"><mw><pos><c>art</c></pos><stem>a</stem></mw><gra type="gra" index="5" head="6" relation="MOD"/></mor></w>
    <w>racetrack<mor type="mor"><mwc><pos><c>n</c></pos><mw><pos><c>n</c></pos><stem>race</stem></mw><mw><pos><c>n</c></pos><stem>track</stem></mw></mwc><gra type="gra" index="6" head="4" relation="PRED"/></mor></w>
    <t type="p"><mor type="mor"><mt type="p"/><gra type="gra" index="7" head="4" relation="PUNCT"/></mor></t>

  </u>
  <u who="CHI" uID="u108">
    <w>open<mor type="mor"><mw><pos><c>v</c></pos><stem>open</stem></mw><gra type="gra" index="1" head="0" relation="ROOT"/></mor></w>
    <w>the<mor type="mor"><mw><pos><c>art</c></pos><stem>the</stem></mw><gra type="gra" index="2" head="3" relation="MOD"/></mor></w>
    <w>gate<mor type="mor"><mw><pos><c>n</c></pos><stem>gate</stem></mw><gra type="gra" index="3" head="1" relation="OBJ"/></mor></w>
    <t type="p"><mor type="mor"><mt type="p"/><gra type="gra" index="4" head="1" relation="PUNCT"/></mor></t>

  </u>
  <u who="CHI" uID="u109">
    <w>shut<mor type="mor"><mw><pos><c>v</c></pos><stem>shut</stem><mk type="sfxf">ZERO</mk></mw><gra type="gra" index="1" head="0" relation="ROOT"/></mor></w>
    <w>the<mor type="mor"><mw><pos><c>art</c></pos><stem>the</stem></mw><gra type="gra" index="2" head="3" relation="MOD"/></mor></w>
    <w>gate<mor type="mor"><mw><pos><c>n</c></pos><stem>gate</stem></mw><gra type="gra" index="3" head="1" relation="OBJ"/></mor></w>
    <t type="p"><mor type="mor"><mt type="p"/><gra type="gra" index="4" head="1" relation="PUNCT"/></mor></t>

  </u>
  <u who="CHI" uID="u110">
    <w>get<mor type="mor"><mw><pos><c>v</c></pos><stem>get</stem></mw><gra type="gra" index="1" head="0" relation="ROOT"/></mor></w>
    <w>this<mor type="mor"><mw><pos><c>pro</c><s>dem</s></pos><stem>this</stem></mw><gra type="gra" index="2" head="1" relation="JCT"/></mor></w>
    <w>you<mor type="mor"><mw><pos><c>pro</c></pos><stem>you</stem></mw><gra type="gra" index="3" head="4" relation="SUBJ"/></mor></w>
    <w>go<mor type="mor"><mw><pos><c>v</c></pos><stem>go</stem></mw><gra type="gra" index="4" head="2" relation="POBJ"/></mor></w>
    <w>get<mor type="mor"><mw><pos><c>v</c></pos><stem>get</stem></mw><gra type="gra" index="5" head="4" relation="OBJ"/></mor></w>
    <w>the<mor type="mor"><mw><pos><c>art</c></pos><stem>the</stem></mw><gra type="gra" index="6" head="7" relation="MOD"/></mor></w>
    <w>gate<mor type="mor"><mw><pos><c>n</c></pos><stem>gate</stem></mw><gra type="gra" index="7" head="5" relation="OBJ"/></mor></w>
    <t type="p"><mor type="mor"><mt type="p"/><gra type="gra" index="8" head="1" relation="PUNCT"/></mor></t>

  </u>
  <u who="CHI" uID="u111">
    <w>you<mor type="mor"><mw><pos><c>pro</c></pos><stem>you</stem></mw><gra type="gra" index="1" head="2" relation="SUBJ"/></mor></w>
    <w>have<mor type="mor"><mw><pos><c>v</c></pos><stem>have</stem></mw><gra type="gra" index="2" head="0" relation="ROOT"/></mor></w>
    <w>the<mor type="mor"><mw><pos><c>art</c></pos><stem>the</stem></mw><gra type="gra" index="3" head="4" relation="MOD"/></mor></w>
    <w>gate<mor type="mor"><mw><pos><c>n</c></pos><stem>gate</stem></mw><gra type="gra" index="4" head="2" relation="OBJ"/></mor></w>
    <t type="p"><mor type="mor"><mt type="p"/><gra type="gra" index="5" head="2" relation="PUNCT"/></mor></t>

  </u>
  <u who="CLI" uID="u112">
    <w>no<mor type="mor"><mw><pos><c>co</c></pos><stem>no</stem></mw><gra type="gra" index="1" head="5" relation="COM"/></mor></w>
    <w>I<mor type="mor"><mw><pos><c>pro</c><s>sub</s></pos><stem>I</stem></mw><gra type="gra" index="2" head="5" relation="SUBJ"/></mor></w>
    <w>don't<mor type="mor"><mw><pos><c>mod</c></pos><stem>do</stem></mw><gra type="gra" index="3" head="5" relation="AUX"/><mor-post><mw><pos><c>neg</c></pos><stem>not</stem></mw><gra type="gra" index="4" head="3" relation="NEG"/></mor-post></mor></w>
    <w>have<mor type="mor"><mw><pos><c>v</c></pos><stem>have</stem></mw><gra type="gra" index="5" head="0" relation="ROOT"/></mor></w>
    <w>the<mor type="mor"><mw><pos><c>art</c></pos><stem>the</stem></mw><gra type="gra" index="6" head="7" relation="MOD"/></mor></w>
    <w>gate<mor type="mor"><mw><pos><c>n</c></pos><stem>gate</stem></mw><gra type="gra" index="7" head="5" relation="OBJ"/></mor></w>
    <t type="p"><mor type="mor"><mt type="p"/><gra type="gra" index="8" head="5" relation="PUNCT"/></mor></t>

  </u>
  <u who="CHI" uID="u113">
    <w>no<mor type="mor"><mw><pos><c>co</c></pos><stem>no</stem></mw><gra type="gra" index="1" head="0" relation="INCROOT"/></mor></w>
    <t type="q"><mor type="mor"><mt type="q"/><gra type="gra" index="2" head="1" relation="PUNCT"/></mor></t>

  </u>
  <u who="CLI" uID="u114">
    <w>sorry<mor type="mor"><mw><pos><c>co</c></pos><stem>sorry</stem></mw><gra type="gra" index="1" head="0" relation="INCROOT"/></mor></w>
    <t type="p"><mor type="mor"><mt type="p"/><gra type="gra" index="2" head="1" relation="PUNCT"/></mor></t>

  </u>
</CHAT>