<?xml version="1.0" encoding="UTF-8"?>

<CHAT xmlns:xsi="http://www.w3.org/2001/XMLSchema-instance"
      xmlns="http://www.talkbank.org/ns/talkbank"
      xsi:schemaLocation="http://www.talkbank.org/ns/talkbank http://talkbank.org/software/talkbank.xsd"
      PID="11312/c-00005571-1"
      Version="2.1.0"
      Lang="eng"
      Corpus="Hargrove"
      Date="1984-01-01">
  <Participants>
    <participant
      id="CLI"
      role="Clinician"
      language="eng"

    />
    <participant
      id="CHI"
    name="Jim"
      role="Target_Child"
      language="eng"
      age="P4Y6M"

    />
  </Participants>
  <u who="CLI" uID="u0">
    <w>oh<mor type="mor"><mw><pos><c>co</c></pos><stem>oh</stem></mw><gra type="gra" index="1" head="4" relation="COM"/></mor></w>
    <w>that<mor type="mor"><mw><pos><c>pro</c><s>dem</s></pos><stem>that</stem></mw><gra type="gra" index="2" head="4" relation="JCT"/></mor></w>
    <w>one's<mor type="mor"><mw><pos><c>pro</c><s>indef</s></pos><stem>one</stem></mw><gra type="gra" index="3" head="4" relation="SUBJ"/><mor-post><mw><pos><c>cop</c></pos><stem>be</stem><mk type="sfxf">3S</mk></mw><gra type="gra" index="4" head="0" relation="ROOT"/></mor-post></mor></w>
    <w>upside<mor type="mor"><mw><pos><c>adv</c></pos><stem>upside</stem></mw><gra type="gra" index="5" head="4" relation="JCT"/></mor></w>
    <w>down<mor type="mor"><mw><pos><c>adv</c></pos><stem>down</stem></mw><gra type="gra" index="6" head="4" relation="JCT"/></mor></w>
    <w>too<mor type="mor"><mw><pos><c>post</c></pos><stem>too</stem></mw><gra type="gra" index="7" head="6" relation="PQ"/></mor></w>
    <t type="p"><mor type="mor"><mt type="p"/><gra type="gra" index="8" head="4" relation="PUNCT"/></mor></t>

  </u>
  <u who="CLI" uID="u1">
    <w>get<mor type="mor"><mw><pos><c>v</c></pos><stem>get</stem></mw><gra type="gra" index="1" head="0" relation="ROOT"/></mor></w>
    <w>this<mor type="mor"><mw><pos><c>pro</c><s>dem</s></pos><stem>this</stem></mw><gra type="gra" index="2" head="1" relation="OBJ"/></mor></w>
    <w>out_of<mor type="mor"><mw><pos><c>prep</c></pos><stem>out_of</stem></mw><gra type="gra" index="3" head="2" relation="JCT"/></mor></w>
    <w>the<mor type="mor"><mw><pos><c>art</c></pos><stem>the</stem></mw><gra type="gra" index="4" head="3" relation="POBJ"/></mor></w>
    <w>way<mor type="mor"><mw><pos><c>n</c></pos><stem>way</stem></mw><gra type="gra" index="5" head="4" relation="OBJ"/></mor></w>
    <w>for<mor type="mor"><mw><pos><c>prep</c></pos><stem>for</stem></mw><gra type="gra" index="6" head="5" relation="NJCT"/></mor></w>
    <w>a<mor type="mor"><mw><pos><c>art</c></pos><stem>a</stem></mw><gra type="gra" index="7" head="8" relation="MOD"/></mor></w>
    <w>minute<mor type="mor"><mw><pos><c>n</c></pos><stem>minute</stem></mw><gra type="gra" index="8" head="6" relation="POBJ"/></mor></w>
    <w>so<mor type="mor"><mw><pos><c>conj</c></pos><stem>so</stem></mw><gra type="gra" index="9" head="12" relation="LINK"/></mor></w>
    <w>we<mor type="mor"><mw><pos><c>pro</c><s>sub</s></pos><stem>we</stem></mw><gra type="gra" index="10" head="12" relation="SUBJ"/></mor></w>
    <w>can<mor type="mor"><mw><pos><c>mod</c></pos><stem>can</stem></mw><gra type="gra" index="11" head="12" relation="AUX"/></mor></w>
    <w>play<mor type="mor"><mw><pos><c>v</c></pos><stem>play</stem></mw><gra type="gra" index="12" head="5" relation="CJCT"/></mor></w>
    <w>down<mor type="mor"><mw><pos><c>adv</c></pos><stem>down</stem></mw><gra type="gra" index="13" head="12" relation="JCT"/></mor></w>
    <w>here<mor type="mor"><mw><pos><c>adv</c></pos><stem>here</stem></mw><gra type="gra" index="14" head="12" relation="JCT"/></mor></w>
    <t type="p"><mor type="mor"><mt type="p"/><gra type="gra" index="15" head="1" relation="PUNCT"/></mor></t>

  </u>
  <u who="CLI" uID="u2">
    <w>look<mor type="mor"><mw><pos><c>v</c></pos><stem>look</stem></mw><gra type="gra" index="1" head="0" relation="ROOT"/></mor></w>
    <w>at<mor type="mor"><mw><pos><c>prep</c></pos><stem>at</stem></mw><gra type="gra" index="2" head="1" relation="JCT"/></mor></w>
    <w>this<mor type="mor"><mw><pos><c>det</c></pos><stem>this</stem></mw><gra type="gra" index="3" head="5" relation="DET"/></mor></w>
    <w>big<mor type="mor"><mw><pos><c>adj</c></pos><stem>big</stem></mw><gra type="gra" index="4" head="5" relation="MOD"/></mor></w>
    <w>one<mor type="mor"><mw><pos><c>pro</c><s>indef</s></pos><stem>one</stem></mw><gra type="gra" index="5" head="2" relation="POBJ"/></mor></w>
    <t type="p"><mor type="mor"><mt type="p"/><gra type="gra" index="6" head="1" relation="PUNCT"/></mor></t>

  </u>
  <u who="CLI" uID="u3">
    <w>he<mor type="mor"><mw><pos><c>pro</c><s>sub</s></pos><stem>he</stem></mw><gra type="gra" index="1" head="4" relation="SUBJ"/></mor></w>
    <w>hasn't<mor type="mor"><mw><pos><c>aux</c></pos><stem>have</stem><mk type="sfxf">3S</mk></mw><gra type="gra" index="2" head="4" relation="AUX"/><mor-post><mw><pos><c>neg</c></pos><stem>not</stem></mw><gra type="gra" index="3" head="2" relation="NEG"/></mor-post></mor></w>
    <w>got<mor type="mor"><mw><pos><c>v</c></pos><stem>get</stem><mk type="sfxf">PAST</mk></mw><gra type="gra" index="4" head="0" relation="ROOT"/></mor></w>
    <w>no<mor type="mor"><mw><pos><c>qn</c></pos><stem>no</stem></mw><gra type="gra" index="5" head="6" relation="QUANT"/></mor></w>
    <w>where<mor type="mor"><mw><pos><c>adv</c><s>wh</s></pos><stem>where</stem></mw><gra type="gra" index="6" head="4" relation="OBJ"/></mor></w>
    <w>to<mor type="mor"><mw><pos><c>inf</c></pos><stem>to</stem></mw><gra type="gra" index="7" head="8" relation="INF"/></mor></w>
    <w>drive<mor type="mor"><mw><pos><c>v</c></pos><stem>drive</stem></mw><gra type="gra" index="8" head="6" relation="XCOMP"/></mor></w>
    <w>though<mor type="mor"><mw><pos><c>adv</c></pos><stem>though</stem></mw><gra type="gra" index="9" head="8" relation="JCT"/></mor></w>
    <t type="p"><mor type="mor"><mt type="p"/><gra type="gra" index="10" head="4" relation="PUNCT"/></mor></t>

  </u>
  <u who="CHI" uID="u4">
    <w>no<mor type="mor"><mw><pos><c>co</c></pos><stem>no</stem></mw><gra type="gra" index="1" head="0" relation="INCROOT"/></mor></w>
    <t type="p"><mor type="mor"><mt type="p"/><gra type="gra" index="2" head="1" relation="PUNCT"/></mor></t>

  </u>
  <u who="CHI" uID="u5">
    <w>I<mor type="mor"><mw><pos><c>pro</c><s>sub</s></pos><stem>I</stem></mw><gra type="gra" index="1" head="2" relation="SUBJ"/></mor></w>
    <w>forgot<mor type="mor"><mw><pos><c>v</c></pos><stem>forget</stem><mk type="sfxf">PAST</mk></mw><gra type="gra" index="2" head="0" relation="ROOT"/></mor></w>
    <w type="omission">to<mor type="mor"><mw><pos><c>0inf</c></pos><stem>to</stem></mw><gra type="gra" index="3" head="4" relation="SUBJ"/></mor></w>
    <w>bring<mor type="mor"><mw><pos><c>v</c></pos><stem>bring</stem></mw><gra type="gra" index="4" head="2" relation="COMP"/></mor></w>
    <w>my<mor type="mor"><mw><pos><c>pro</c><s>poss</s><s>det</s></pos><stem>my</stem></mw><gra type="gra" index="5" head="7" relation="MOD"/></mor></w>
    <w>big<mor type="mor"><mw><pos><c>adj</c></pos><stem>big</stem></mw><gra type="gra" index="6" head="7" relation="MOD"/></mor></w>
    <w>car<mor type="mor"><mw><pos><c>n</c></pos><stem>car</stem></mw><gra type="gra" index="7" head="4" relation="OBJ"/></mor></w>
    <t type="p"><mor type="mor"><mt type="p"/><gra type="gra" index="8" head="2" relation="PUNCT"/></mor></t>

  </u>
  <u who="CLI" uID="u6">
    <w>what<mor type="mor"><mw><pos><c>pro</c><s>wh</s></pos><stem>what</stem></mw><gra type="gra" index="1" head="3" relation="LINK"/></mor></w>
    <w>you<mor type="mor"><mw><pos><c>pro</c></pos><stem>you</stem></mw><gra type="gra" index="2" head="3" relation="SUBJ"/></mor></w>
    <w>forgot<mor type="mor"><mw><pos><c>v</c></pos><stem>forget</stem><mk type="sfxf">PAST</mk></mw><gra type="gra" index="3" head="0" relation="ROOT"/></mor></w>
    <t type="q"><mor type="mor"><mt type="q"/><gra type="gra" index="4" head="3" relation="PUNCT"/></mor></t>

  </u>
  <u who="CHI" uID="u7">
    <w>my<mor type="mor"><mw><pos><c>pro</c><s>poss</s><s>det</s></pos><stem>my</stem></mw><gra type="gra" index="1" head="3" relation="MOD"/></mor></w>
    <w>big<mor type="mor"><mw><pos><c>adj</c></pos><stem>big</stem></mw><gra type="gra" index="2" head="3" relation="MOD"/></mor></w>
    <w>car<mor type="mor"><mw><pos><c>n</c></pos><stem>car</stem></mw><gra type="gra" index="3" head="0" relation="INCROOT"/></mor></w>
    <t type="p"><mor type="mor"><mt type="p"/><gra type="gra" index="4" head="3" relation="PUNCT"/></mor></t>

  </u>
  <u who="CLI" uID="u8">
    <w>did<mor type="mor"><mw><pos><c>v</c></pos><stem>do</stem><mk type="sfxf">PAST</mk></mw><gra type="gra" index="1" head="0" relation="ROOT"/></mor></w>
    <w>you<mor type="mor"><mw><pos><c>pro</c></pos><stem>you</stem></mw><gra type="gra" index="2" head="3" relation="SUBJ"/></mor></w>
    <w>forget<mor type="mor"><mw><pos><c>v</c></pos><stem>forget</stem></mw><gra type="gra" index="3" head="1" relation="COMP"/></mor></w>
    <w>it<mor type="mor"><mw><pos><c>pro</c></pos><stem>it</stem></mw><gra type="gra" index="4" head="3" relation="OBJ"/></mor></w>
    <t type="q"><mor type="mor"><mt type="q"/><gra type="gra" index="5" head="1" relation="PUNCT"/></mor></t>

  </u>
  <u who="CHI" uID="u9">
    <w>yes<mor type="mor"><mw><pos><c>co</c></pos><stem>yes</stem></mw><gra type="gra" index="1" head="0" relation="INCROOT"/></mor></w>
    <t type="p"><mor type="mor"><mt type="p"/><gra type="gra" index="2" head="1" relation="PUNCT"/></mor></t>

  </u>
  <u who="CLI" uID="u10">
    <w>let's<mor type="mor"><mw><pos><c>v</c></pos><stem>let</stem></mw><gra type="gra" index="1" head="0" relation="ROOT"/><mor-post><mw><pos><c>pro</c><s>obj</s></pos><stem>us</stem></mw><gra type="gra" index="2" head="1" relation="OBJ"/></mor-post></mor></w>
    <w>see<mor type="mor"><mw><pos><c>v</c></pos><stem>see</stem></mw><gra type="gra" index="3" head="1" relation="COMP"/></mor></w>
    <w>I<mor type="mor"><mw><pos><c>pro</c><s>sub</s></pos><stem>I</stem></mw><gra type="gra" index="4" head="7" relation="SUBJ"/></mor></w>
    <w>can't<mor type="mor"><mw><pos><c>mod</c></pos><stem>can</stem></mw><gra type="gra" index="5" head="7" relation="AUX"/><mor-post><mw><pos><c>neg</c></pos><stem>not</stem></mw><gra type="gra" index="6" head="5" relation="NEG"/></mor-post></mor></w>
    <w>remember<mor type="mor"><mw><pos><c>v</c></pos><stem>remember</stem></mw><gra type="gra" index="7" head="3" relation="COMP"/></mor></w>
    <w>that<mor type="mor"><mw><pos><c>rel</c></pos><stem>that</stem></mw><gra type="gra" index="8" head="9" relation="LINK"/></mor></w>
    <w>one<mor type="mor"><mw><pos><c>pro</c><s>indef</s></pos><stem>one</stem></mw><gra type="gra" index="9" head="7" relation="OBJ"/></mor></w>
    <t type="p"><mor type="mor"><mt type="p"/><gra type="gra" index="10" head="1" relation="PUNCT"/></mor></t>

  </u>
  <u who="CLI" uID="u11">
    <w>you<mor type="mor"><mw><pos><c>pro</c></pos><stem>you</stem></mw><gra type="gra" index="1" head="2" relation="SUBJ"/></mor></w>
    <w>better<mor type="mor"><mw><pos><c>adj</c></pos><stem>good</stem><mk type="sfxf">CP</mk></mw><gra type="gra" index="2" head="0" relation="ROOT"/></mor></w>
    <t type="p"><mor type="mor"><mt type="p"/><gra type="gra" index="3" head="2" relation="PUNCT"/></mor></t>

  </u>
  <u who="CLI" uID="u12">
    <w>what<mor type="mor"><mw><pos><c>pro</c><s>wh</s></pos><stem>what</stem></mw><gra type="gra" index="1" head="3" relation="LINK"/></mor></w>
    <w>did<mor type="mor"><mw><pos><c>mod</c></pos><stem>do</stem><mk type="sfxf">PAST</mk></mw><gra type="gra" index="2" head="3" relation="AUX"/></mor></w>
    <w>it<mor type="mor"><mw><pos><c>pro</c></pos><stem>it</stem></mw><gra type="gra" index="3" head="0" relation="ROOT"/></mor></w>
    <w>look<mor type="mor"><mw><pos><c>co</c></pos><stem>look</stem></mw><gra type="gra" index="4" head="3" relation="COM"/></mor></w>
    <w>like<mor type="mor"><mw><pos><c>co</c></pos><stem>like</stem></mw><gra type="gra" index="5" head="3" relation="COM"/></mor></w>
    <t type="q"><mor type="mor"><mt type="q"/><gra type="gra" index="6" head="3" relation="PUNCT"/></mor></t>

  </u>
  <u who="CHI" uID="u13">
    <w>doors<mor type="mor"><mw><pos><c>n</c></pos><stem>door</stem><mk type="sfx">PL</mk></mw><gra type="gra" index="1" head="0" relation="INCROOT"/></mor></w>
    <w type="omission">are<mor type="mor"><mw><pos><c>0aux</c></pos><stem>are</stem></mw><gra type="gra" index="2" head="1" relation="XMOD"/></mor></w>
    <w>open<mor type="mor"><mw><pos><c>adj</c></pos><stem>open</stem></mw><gra type="gra" index="3" head="2" relation="JCT"/></mor></w>
    <t type="p"><mor type="mor"><mt type="p"/><gra type="gra" index="4" head="1" relation="PUNCT"/></mor></t>

  </u>
  <u who="CLI" uID="u14">
    <w>the<mor type="mor"><mw><pos><c>art</c></pos><stem>the</stem></mw><gra type="gra" index="1" head="3" relation="LINK"/></mor></w>
    <w>doors<mor type="mor"><mw><pos><c>n</c></pos><stem>door</stem><mk type="sfx">PL</mk></mw><gra type="gra" index="2" head="3" relation="SUBJ"/></mor></w>
    <w>opened<mor type="mor"><mw><pos><c>v</c></pos><stem>open</stem><mk type="sfx">PAST</mk></mw><gra type="gra" index="3" head="0" relation="ROOT"/></mor></w>
    <w>on<mor type="mor"><mw><pos><c>prep</c></pos><stem>on</stem></mw><gra type="gra" index="4" head="3" relation="JCT"/></mor></w>
    <w>it<mor type="mor"><mw><pos><c>pro</c></pos><stem>it</stem></mw><gra type="gra" index="5" head="4" relation="POBJ"/></mor></w>
    <t type="q"><mor type="mor"><mt type="q"/><gra type="gra" index="6" head="3" relation="PUNCT"/></mor></t>

  </u>
  <u who="CHI" uID="u15">
    <w>yes<mor type="mor"><mw><pos><c>co</c></pos><stem>yes</stem></mw><gra type="gra" index="1" head="0" relation="INCROOT"/></mor></w>
    <t type="p"><mor type="mor"><mt type="p"/><gra type="gra" index="2" head="1" relation="PUNCT"/></mor></t>

  </u>
  <u who="CLI" uID="u16">
    <g><w type="fragment">hmm</w><k type="retracing unclear"/></g>
    <t type="p"></t>

  </u>
  <u who="CHI" uID="u17">
    <w>look<mor type="mor"><mw><pos><c>v</c></pos><stem>look</stem></mw><gra type="gra" index="1" head="0" relation="ROOT"/></mor></w>
    <w>I<mor type="mor"><mw><pos><c>pro</c><s>sub</s></pos><stem>I</stem></mw><gra type="gra" index="2" head="5" relation="SUBJ"/></mor></w>
    <w>that<mor type="mor"><mw><pos><c>det</c></pos><stem>that</stem></mw><gra type="gra" index="3" head="4" relation="DET"/></mor></w>
    <w>them<mor type="mor"><mw><pos><c>pro</c><s>obj</s></pos><stem>them</stem></mw><gra type="gra" index="4" head="5" relation="AUX"/></mor></w>
    <w>drying<mor type="mor"><mw><pos><c>part</c></pos><stem>dry</stem><mk type="sfx">PRESP</mk></mw><gra type="gra" index="5" head="1" relation="COMP"/></mor></w>
    <w>off<mor type="mor"><mw><pos><c>adv</c></pos><stem>off</stem></mw><gra type="gra" index="6" head="5" relation="JCT"/></mor></w>
    <t type="p"><mor type="mor"><mt type="p"/><gra type="gra" index="7" head="1" relation="PUNCT"/></mor></t>

  </u>
  <u who="CLI" uID="u18">
    <w>look<mor type="mor"><mw><pos><c>v</c></pos><stem>look</stem></mw><gra type="gra" index="1" head="0" relation="ROOT"/></mor></w>
    <w>at<mor type="mor"><mw><pos><c>prep</c></pos><stem>at</stem></mw><gra type="gra" index="2" head="1" relation="JCT"/></mor></w>
    <w>that<mor type="mor"><mw><pos><c>pro</c><s>dem</s></pos><stem>that</stem></mw><gra type="gra" index="3" head="2" relation="POBJ"/></mor></w>
    <t type="p"><mor type="mor"><mt type="p"/><gra type="gra" index="4" head="1" relation="PUNCT"/></mor></t>

  </u>
  <u who="CHI" uID="u19">
    <w>will<mor type="mor"><mw><pos><c>mod</c></pos><stem>will</stem></mw><gra type="gra" index="1" head="3" relation="AUX"/></mor></w>
    <w>you<mor type="mor"><mw><pos><c>pro</c></pos><stem>you</stem></mw><gra type="gra" index="2" head="3" relation="SUBJ"/></mor></w>
    <w>look<mor type="mor"><mw><pos><c>v</c></pos><stem>look</stem></mw><gra type="gra" index="3" head="0" relation="ROOT"/></mor></w>
    <w>at<mor type="mor"><mw><pos><c>prep</c></pos><stem>at</stem></mw><gra type="gra" index="4" head="3" relation="JCT"/></mor></w>
    <w>that<mor type="mor"><mw><pos><c>pro</c><s>dem</s></pos><stem>that</stem></mw><gra type="gra" index="5" head="4" relation="POBJ"/></mor></w>
    <t type="q"><mor type="mor"><mt type="q"/><gra type="gra" index="6" head="3" relation="PUNCT"/></mor></t>

  </u>
  <u who="CLI" uID="u20">
    <g><w>ah</w><k type="retracing unclear"/></g>
    <w>it's<mor type="mor"><mw><pos><c>pro</c></pos><stem>it</stem></mw><gra type="gra" index="1" head="3" relation="SUBJ"/><mor-post><mw><pos><c>aux</c></pos><stem>be</stem><mk type="sfxf">3S</mk></mw><gra type="gra" index="2" head="3" relation="AUX"/></mor-post></mor></w>
    <w>starting<mor type="mor"><mw><pos><c>part</c></pos><stem>start</stem><mk type="sfx">PRESP</mk></mw><gra type="gra" index="3" head="0" relation="ROOT"/></mor></w>
    <w>to<mor type="mor"><mw><pos><c>inf</c></pos><stem>to</stem></mw><gra type="gra" index="4" head="5" relation="INF"/></mor></w>
    <w>dry<mor type="mor"><mw><pos><c>v</c></pos><stem>dry</stem></mw><gra type="gra" index="5" head="3" relation="XCOMP"/></mor></w>
    <w>out<mor type="mor"><mw><pos><c>adv</c></pos><stem>out</stem></mw><gra type="gra" index="6" head="5" relation="JCT"/></mor></w>
    <w>though<mor type="mor"><mw><pos><c>adv</c></pos><stem>though</stem></mw><gra type="gra" index="7" head="5" relation="JCT"/></mor></w>
    <t type="p"><mor type="mor"><mt type="p"/><gra type="gra" index="8" head="3" relation="PUNCT"/></mor></t>

  </u>
  <u who="CLI" uID="u21">
    <w>it's<mor type="mor"><mw><pos><c>pro</c></pos><stem>it</stem></mw><gra type="gra" index="1" head="2" relation="SUBJ"/><mor-post><mw><pos><c>cop</c></pos><stem>be</stem><mk type="sfxf">3S</mk></mw><gra type="gra" index="2" head="0" relation="ROOT"/></mor-post></mor></w>
    <w>still<mor type="mor"><mw><pos><c>adv</c></pos><stem>still</stem></mw><gra type="gra" index="3" head="2" relation="JCT"/></mor></w>
    <w>a<mor type="mor"><mw><pos><c>art</c></pos><stem>a</stem></mw><gra type="gra" index="4" head="6" relation="MOD"/></mor></w>
    <w>little<mor type="mor"><mw><pos><c>adj</c></pos><stem>little</stem></mw><gra type="gra" index="5" head="6" relation="MOD"/></mor></w>
    <w>bit<mor type="mor"><mw><pos><c>n</c></pos><stem>bit</stem></mw><gra type="gra" index="6" head="2" relation="PRED"/></mor></w>
    <w>wet<mor type="mor"><mw><pos><c>part</c></pos><stem>wet</stem><mk type="sfxf">PASTP</mk></mw><gra type="gra" index="7" head="6" relation="XMOD"/></mor></w>
    <t type="p"><mor type="mor"><mt type="p"/><gra type="gra" index="8" head="2" relation="PUNCT"/></mor></t>

  </u>
  <u who="CHI" uID="u22">
    <w>yeah<mor type="mor"><mw><pos><c>co</c></pos><stem>yeah</stem></mw><gra type="gra" index="1" head="0" relation="INCROOT"/></mor></w>
    <t type="p"><mor type="mor"><mt type="p"/><gra type="gra" index="2" head="1" relation="PUNCT"/></mor></t>

  </u>
  <u who="CLI" uID="u23">
    <g><w>ah</w><k type="retracing unclear"/></g>
    <w>let's<mor type="mor"><mw><pos><c>v</c></pos><stem>let</stem></mw><gra type="gra" index="1" head="0" relation="ROOT"/><mor-post><mw><pos><c>pro</c><s>obj</s></pos><stem>us</stem></mw><gra type="gra" index="2" head="1" relation="OBJ"/></mor-post></mor></w>
    <w>look<mor type="mor"><mw><pos><c>v</c></pos><stem>look</stem></mw><gra type="gra" index="3" head="1" relation="COMP"/></mor></w>
    <w>at<mor type="mor"><mw><pos><c>prep</c></pos><stem>at</stem></mw><gra type="gra" index="4" head="3" relation="JCT"/></mor></w>
    <w>that<mor type="mor"><mw><pos><c>pro</c><s>dem</s></pos><stem>that</stem></mw><gra type="gra" index="5" head="4" relation="POBJ"/></mor></w>
    <t type="p"><mor type="mor"><mt type="p"/><gra type="gra" index="6" head="1" relation="PUNCT"/></mor></t>

  </u>
  <u who="CLI" uID="u24">
    <w>what<mor type="mor"><mw><pos><c>pro</c><s>wh</s></pos><stem>what</stem></mw><gra type="gra" index="1" head="0" relation="INCROOT"/></mor></w>
    <w>kind<mor type="mor"><mw><pos><c>n</c></pos><stem>kind</stem></mw><gra type="gra" index="2" head="1" relation="OBJ"/></mor></w>
    <w>of<mor type="mor"><mw><pos><c>prep</c></pos><stem>of</stem></mw><gra type="gra" index="3" head="2" relation="NJCT"/></mor></w>
    <w>pictures<mor type="mor"><mw><pos><c>n</c></pos><stem>picture</stem><mk type="sfx">PL</mk></mw><gra type="gra" index="4" head="3" relation="POBJ"/></mor></w>
    <w type="omission">have<mor type="mor"><mw><pos><c>0aux</c></pos><stem>have</stem></mw><gra type="gra" index="5" head="7" relation="OBJ"/></mor></w>
    <w>you<mor type="mor"><mw><pos><c>pro</c></pos><stem>you</stem></mw><gra type="gra" index="6" head="7" relation="SUBJ"/></mor></w>
    <w>got<mor type="mor"><mw><pos><c>v</c></pos><stem>get</stem><mk type="sfxf">PAST</mk></mw><gra type="gra" index="7" head="4" relation="CMOD"/></mor></w>
    <w>here<mor type="mor"><mw><pos><c>adv</c></pos><stem>here</stem></mw><gra type="gra" index="8" head="7" relation="JCT"/></mor></w>
    <t type="q"><mor type="mor"><mt type="q"/><gra type="gra" index="9" head="1" relation="PUNCT"/></mor></t>

  </u>
  <u who="CLI" uID="u25">
    <w>look_it<mor type="mor"><mw><pos><c>co</c></pos><stem>look_it</stem></mw><gra type="gra" index="1" head="0" relation="INCROOT"/></mor></w>
    <t type="p"><mor type="mor"><mt type="p"/><gra type="gra" index="2" head="1" relation="PUNCT"/></mor></t>

  </u>
  <u who="CLI" uID="u26">
    <w>what's<mor type="mor"><mw><pos><c>pro</c><s>wh</s></pos><stem>what</stem></mw><gra type="gra" index="1" head="2" relation="LINK"/><mor-post><mw><pos><c>cop</c></pos><stem>be</stem><mk type="sfxf">3S</mk></mw><gra type="gra" index="2" head="0" relation="ROOT"/></mor-post></mor></w>
    <w>this<mor type="mor"><mw><pos><c>pro</c><s>dem</s></pos><stem>this</stem></mw><gra type="gra" index="3" head="2" relation="PRED"/></mor></w>
    <w>here<mor type="mor"><mw><pos><c>adv</c></pos><stem>here</stem></mw><gra type="gra" index="4" head="3" relation="JCT"/></mor></w>
    <t type="q"><mor type="mor"><mt type="q"/><gra type="gra" index="5" head="2" relation="PUNCT"/></mor></t>

  </u>
  <u who="CLI" uID="u27">
    <w>what's<mor type="mor"><mw><pos><c>pro</c><s>wh</s></pos><stem>what</stem></mw><gra type="gra" index="1" head="3" relation="SUBJ"/><mor-post><mw><pos><c>aux</c></pos><stem>be</stem><mk type="sfxf">3S</mk></mw><gra type="gra" index="2" head="3" relation="AUX"/></mor-post></mor></w>
    <w>going<mor type="mor"><mw><pos><c>part</c></pos><stem>go</stem><mk type="sfx">PRESP</mk></mw><gra type="gra" index="3" head="0" relation="ROOT"/></mor></w>
    <w>on<mor type="mor"><mw><pos><c>adv</c></pos><stem>on</stem></mw><gra type="gra" index="4" head="3" relation="JCT"/></mor></w>
    <t type="q"><mor type="mor"><mt type="q"/><gra type="gra" index="5" head="3" relation="PUNCT"/></mor></t>

  </u>
  <u who="CHI" uID="u28">
    <w>I<mor type="mor"><mw><pos><c>pro</c><s>sub</s></pos><stem>I</stem></mw><gra type="gra" index="1" head="4" relation="SUBJ"/></mor></w>
    <w>don't<mor type="mor"><mw><pos><c>mod</c></pos><stem>do</stem></mw><gra type="gra" index="2" head="4" relation="AUX"/><mor-post><mw><pos><c>neg</c></pos><stem>not</stem></mw><gra type="gra" index="3" head="2" relation="NEG"/></mor-post></mor></w>
    <w>know<mor type="mor"><mw><pos><c>v</c></pos><stem>know</stem></mw><gra type="gra" index="4" head="0" relation="ROOT"/></mor></w>
    <t type="p"><mor type="mor"><mt type="p"/><gra type="gra" index="5" head="4" relation="PUNCT"/></mor></t>

  </u>
  <u who="CHI" uID="u29">
    <w>can't<mor type="mor"><mw><pos><c>mod</c></pos><stem>can</stem></mw><gra type="gra" index="1" head="3" relation="AUX"/><mor-post><mw><pos><c>neg</c></pos><stem>not</stem></mw><gra type="gra" index="2" head="1" relation="NEG"/></mor-post></mor></w>
    <w>buy<mor type="mor"><mw><pos><c>v</c></pos><stem>buy</stem></mw><gra type="gra" index="3" head="0" relation="ROOT"/></mor></w>
    <w>one<mor type="mor"><mw><pos><c>pro</c><s>indef</s></pos><stem>one</stem></mw><gra type="gra" index="4" head="3" relation="OBJ"/></mor></w>
    <w>of<mor type="mor"><mw><pos><c>prep</c></pos><stem>of</stem></mw><gra type="gra" index="5" head="4" relation="NJCT"/></mor></w>
    <w>them<mor type="mor"><mw><pos><c>pro</c><s>obj</s></pos><stem>them</stem></mw><gra type="gra" index="6" head="5" relation="POBJ"/></mor></w>
    <w>because<mor type="mor"><mw><pos><c>conj</c></pos><stem>because</stem></mw><gra type="gra" index="7" head="11" relation="LINK"/></mor></w>
    <w>he<mor type="mor"><mw><pos><c>pro</c><s>sub</s></pos><stem>he</stem></mw><gra type="gra" index="8" head="11" relation="SUBJ"/></mor></w>
    <w>ain't<mor type="mor"><mw><pos><c>aux</c></pos><stem>be</stem><mk type="sfxf">1S</mk></mw><gra type="gra" index="9" head="11" relation="AUX"/><mor-post><mw><pos><c>neg</c></pos><stem>not</stem></mw><gra type="gra" index="10" head="9" relation="NEG"/></mor-post></mor></w>
    <w>got<mor type="mor"><mw><pos><c>v</c></pos><stem>get</stem><mk type="sfxf">PAST</mk></mw><gra type="gra" index="11" head="3" relation="CJCT"/></mor></w>
    <w>no<mor type="mor"><mw><pos><c>qn</c></pos><stem>no</stem></mw><gra type="gra" index="12" head="13" relation="QUANT"/></mor></w>
    <w>money<mor type="mor"><mw><pos><c>n</c></pos><stem>money</stem></mw><gra type="gra" index="13" head="11" relation="OBJ"/></mor></w>
    <t type="p"><mor type="mor"><mt type="p"/><gra type="gra" index="14" head="3" relation="PUNCT"/></mor></t>

  </u>
  <u who="CLI" uID="u30">
    <w>how's<mor type="mor"><mw><pos><c>adv</c><s>wh</s></pos><stem>how</stem></mw><gra type="gra" index="1" head="2" relation="LINK"/><mor-post><mw><pos><c>aux</c></pos><stem>be</stem><mk type="sfxf">3S</mk></mw><gra type="gra" index="2" head="0" relation="ROOT"/></mor-post></mor></w>
    <w>it<mor type="mor"><mw><pos><c>pro</c></pos><stem>it</stem></mw><gra type="gra" index="3" head="2" relation="OBJ"/></mor></w>
    <t type="q"><mor type="mor"><mt type="q"/><gra type="gra" index="4" head="2" relation="PUNCT"/></mor></t>

  </u>
  <u who="CLI" uID="u31">
    <w>what's<mor type="mor"><mw><pos><c>pro</c><s>wh</s></pos><stem>what</stem></mw><gra type="gra" index="1" head="4" relation="LINK"/><mor-post><mw><pos><c>aux</c></pos><stem>be</stem><mk type="sfxf">3S</mk></mw><gra type="gra" index="2" head="4" relation="AUX"/></mor-post></mor></w>
    <w>the<mor type="mor"><mw><pos><c>art</c></pos><stem>the</stem></mw><gra type="gra" index="3" head="4" relation="AUX"/></mor></w>
    <w>driving<mor type="mor"><mw><pos><c>part</c></pos><stem>drive</stem><mk type="sfx">PRESP</mk></mw><gra type="gra" index="4" head="0" relation="ROOT"/></mor></w>
    <w>there<mor type="mor"><mw><pos><c>adv</c></pos><stem>there</stem></mw><gra type="gra" index="5" head="4" relation="JCT"/></mor></w>
    <t type="q"><mor type="mor"><mt type="q"/><gra type="gra" index="6" head="4" relation="PUNCT"/></mor></t>

  </u>
  <u who="CLI" uID="u32">
    <w>get<mor type="mor"><mw><pos><c>v</c></pos><stem>get</stem></mw><gra type="gra" index="1" head="0" relation="ROOT"/></mor></w>
    <w>a<mor type="mor"><mw><pos><c>art</c></pos><stem>a</stem></mw><gra type="gra" index="2" head="1" relation="OBJ"/></mor></w>
    <w>good<mor type="mor"><mw><pos><c>adj</c></pos><stem>good</stem></mw><gra type="gra" index="3" head="4" relation="MOD"/></mor></w>
    <w>look<mor type="mor"><mw><pos><c>v</c></pos><stem>look</stem></mw><gra type="gra" index="4" head="2" relation="CJCT"/></mor></w>
    <w>at<mor type="mor"><mw><pos><c>prep</c></pos><stem>at</stem></mw><gra type="gra" index="5" head="4" relation="JCT"/></mor></w>
    <w>that<mor type="mor"><mw><pos><c>pro</c><s>dem</s></pos><stem>that</stem></mw><gra type="gra" index="6" head="5" relation="POBJ"/></mor></w>
    <t type="p"><mor type="mor"><mt type="p"/><gra type="gra" index="7" head="1" relation="PUNCT"/></mor></t>

  </u>
  <u who="CLI" uID="u33">
    <w>yeah<mor type="mor"><mw><pos><c>co</c></pos><stem>yeah</stem></mw><gra type="gra" index="1" head="2" relation="COM"/></mor></w>
    <w>look<mor type="mor"><mw><pos><c>v</c></pos><stem>look</stem></mw><gra type="gra" index="2" head="0" relation="ROOT"/></mor></w>
    <w>at<mor type="mor"><mw><pos><c>prep</c></pos><stem>at</stem></mw><gra type="gra" index="3" head="2" relation="JCT"/></mor></w>
    <w>that<mor type="mor"><mw><pos><c>pro</c><s>dem</s></pos><stem>that</stem></mw><gra type="gra" index="4" head="3" relation="POBJ"/></mor></w>
    <t type="p"><mor type="mor"><mt type="p"/><gra type="gra" index="5" head="2" relation="PUNCT"/></mor></t>

  </u>
  <u who="CLI" uID="u34">
    <w>pocket's<mor type="mor"><mw><pos><c>n</c></pos><stem>pocket</stem></mw><gra type="gra" index="1" head="0" relation="INCROOT"/><mor-post><mw><pos><c>poss</c></pos><stem>s</stem></mw><gra type="gra" index="2" head="1" relation="POSS"/></mor-post></mor></w>
    <w>empty<mor type="mor"><mw><pos><c>adj</c></pos><stem>empty</stem></mw><gra type="gra" index="3" head="1" relation="XMOD"/></mor></w>
    <t type="p"><mor type="mor"><mt type="p"/><gra type="gra" index="4" head="1" relation="PUNCT"/></mor></t>

  </u>
  <u who="CLI" uID="u35">
    <w>he<mor type="mor"><mw><pos><c>pro</c><s>sub</s></pos><stem>he</stem></mw><gra type="gra" index="1" head="2" relation="SUBJ"/></mor></w>
    <w>wanted<mor type="mor"><mw><pos><c>v</c></pos><stem>want</stem><mk type="sfx">PAST</mk></mw><gra type="gra" index="2" head="0" relation="ROOT"/></mor></w>
    <w>to<mor type="mor"><mw><pos><c>prep</c></pos><stem>to</stem></mw><gra type="gra" index="3" head="2" relation="JCT"/></mor></w>
    <w>buy<mor type="mor"><mw><pos><c>n</c></pos><stem>buy</stem></mw><gra type="gra" index="4" head="5" relation="MOD"/></mor></w>
    <w>one<mor type="mor"><mw><pos><c>pro</c><s>indef</s></pos><stem>one</stem></mw><gra type="gra" index="5" head="3" relation="POBJ"/></mor></w>
    <t type="p"><mor type="mor"><mt type="p"/><gra type="gra" index="6" head="2" relation="PUNCT"/></mor></t>

  </u>
  <u who="CHI" uID="u36">
    <w>that<mor type="mor"><mw><pos><c>det</c></pos><stem>that</stem></mw><gra type="gra" index="1" head="2" relation="DET"/></mor></w>
    <w>one<mor type="mor"><mw><pos><c>pro</c><s>indef</s></pos><stem>one</stem></mw><gra type="gra" index="2" head="4" relation="SUBJ"/></mor></w>
    <w>taking<mor type="mor"><mw><pos><c>part</c></pos><stem>take</stem><mk type="sfx">PRESP</mk></mw><gra type="gra" index="3" head="4" relation="AUX"/></mor></w>
    <w>peeking<mor type="mor"><mw><pos><c>part</c></pos><stem>peek</stem><mk type="sfx">PRESP</mk></mw><gra type="gra" index="4" head="0" relation="ROOT"/></mor></w>
    <t type="p"><mor type="mor"><mt type="p"/><gra type="gra" index="5" head="4" relation="PUNCT"/></mor></t>

  </u>
  <u who="CLI" uID="u37">
    <w>oh<mor type="mor"><mw><pos><c>co</c></pos><stem>oh</stem></mw><gra type="gra" index="1" head="2" relation="COM"/></mor></w>
    <w>look<mor type="mor"><mw><pos><c>v</c></pos><stem>look</stem></mw><gra type="gra" index="2" head="0" relation="ROOT"/></mor></w>
    <w>at<mor type="mor"><mw><pos><c>prep</c></pos><stem>at</stem></mw><gra type="gra" index="3" head="2" relation="JCT"/></mor></w>
    <w>that<mor type="mor"><mw><pos><c>det</c></pos><stem>that</stem></mw><gra type="gra" index="4" head="6" relation="DET"/></mor></w>
    <w>big<mor type="mor"><mw><pos><c>adj</c></pos><stem>big</stem></mw><gra type="gra" index="5" head="6" relation="MOD"/></mor></w>
    <w>picture<mor type="mor"><mw><pos><c>n</c></pos><stem>picture</stem></mw><gra type="gra" index="6" head="3" relation="POBJ"/></mor></w>
    <w>though<mor type="mor"><mw><pos><c>adv</c></pos><stem>though</stem></mw><gra type="gra" index="7" head="6" relation="NJCT"/></mor></w>
    <t type="p"><mor type="mor"><mt type="p"/><gra type="gra" index="8" head="2" relation="PUNCT"/></mor></t>

  </u>
  <u who="CHI" uID="u38">
    <w>yeah<mor type="mor"><mw><pos><c>co</c></pos><stem>yeah</stem></mw><gra type="gra" index="1" head="0" relation="INCROOT"/></mor></w>
    <t type="p"><mor type="mor"><mt type="p"/><gra type="gra" index="2" head="1" relation="PUNCT"/></mor></t>

  </u>
  <u who="CLI" uID="u39">
    <w>look<mor type="mor"><mw><pos><c>v</c></pos><stem>look</stem></mw><gra type="gra" index="1" head="0" relation="ROOT"/></mor></w>
    <w>at<mor type="mor"><mw><pos><c>prep</c></pos><stem>at</stem></mw><gra type="gra" index="2" head="1" relation="JCT"/></mor></w>
    <w>all<mor type="mor"><mw><pos><c>qn</c></pos><stem>all</stem></mw><gra type="gra" index="3" head="4" relation="QUANT"/></mor></w>
    <w>the<mor type="mor"><mw><pos><c>art</c></pos><stem>the</stem></mw><gra type="gra" index="4" head="2" relation="POBJ"/></mor></w>
    <w>things<mor type="mor"><mw><pos><c>n</c></pos><stem>thing</stem><mk type="sfx">PL</mk></mw><gra type="gra" index="5" head="4" relation="OBJ"/></mor></w>
    <w>going<mor type="mor"><mw><pos><c>part</c></pos><stem>go</stem><mk type="sfx">PRESP</mk></mw><gra type="gra" index="6" head="5" relation="XMOD"/></mor></w>
    <w>on<mor type="mor"><mw><pos><c>adv</c></pos><stem>on</stem></mw><gra type="gra" index="7" head="6" relation="JCT"/></mor></w>
    <t type="p"><mor type="mor"><mt type="p"/><gra type="gra" index="8" head="1" relation="PUNCT"/></mor></t>

  </u>
  <u who="CHI" uID="u40">
    <w>he<mor type="mor"><mw><pos><c>pro</c><s>sub</s></pos><stem>he</stem></mw><gra type="gra" index="1" head="3" relation="SUBJ"/></mor></w>
    <w type="omission">is<mor type="mor"><mw><pos><c>0aux</c></pos><stem>is</stem></mw><gra type="gra" index="2" head="3" relation="AUX"/></mor></w>
    <w>gonna<mor type="mor"><mw><pos><c>part</c></pos><stem>go</stem><mk type="sfx">PRESP</mk></mw><gra type="gra" index="3" head="0" relation="ROOT"/><mor-post><mw><pos><c>inf</c></pos><stem>to</stem></mw><gra type="gra" index="4" head="5" relation="INF"/></mor-post></mor></w>
    <w>get<mor type="mor"><mw><pos><c>v</c></pos><stem>get</stem></mw><gra type="gra" index="5" head="3" relation="XCOMP"/></mor></w>
    <w>him<mor type="mor"><mw><pos><c>pro</c><s>obj</s></pos><stem>him</stem></mw><gra type="gra" index="6" head="5" relation="OBJ"/></mor></w>
    <t type="p"><mor type="mor"><mt type="p"/><gra type="gra" index="7" head="3" relation="PUNCT"/></mor></t>

  </u>
  <u who="CLI" uID="u41">
    <w>he's<mor type="mor"><mw><pos><c>pro</c><s>sub</s></pos><stem>he</stem></mw><gra type="gra" index="1" head="3" relation="SUBJ"/><mor-post><mw><pos><c>aux</c></pos><stem>be</stem><mk type="sfxf">3S</mk></mw><gra type="gra" index="2" head="3" relation="AUX"/></mor-post></mor></w>
    <w>gonna<mor type="mor"><mw><pos><c>part</c></pos><stem>go</stem><mk type="sfx">PRESP</mk></mw><gra type="gra" index="3" head="0" relation="ROOT"/><mor-post><mw><pos><c>inf</c></pos><stem>to</stem></mw><gra type="gra" index="4" head="5" relation="INF"/></mor-post></mor></w>
    <w>get<mor type="mor"><mw><pos><c>v</c></pos><stem>get</stem></mw><gra type="gra" index="5" head="3" relation="XCOMP"/></mor></w>
    <w>him<mor type="mor"><mw><pos><c>pro</c><s>obj</s></pos><stem>him</stem></mw><gra type="gra" index="6" head="5" relation="OBJ"/></mor></w>
    <t type="p"><mor type="mor"><mt type="p"/><gra type="gra" index="7" head="3" relation="PUNCT"/></mor></t>

  </u>
  <u who="CLI" uID="u42">
    <w>Pinnochio<mor type="mor"><mw><pos><c>n</c><s>prop</s></pos><stem>Pinnochio</stem></mw><gra type="gra" index="1" head="2" relation="MOD"/></mor></w>
    <w>indians<mor type="mor"><mw><pos><c>n</c></pos><stem>indian</stem><mk type="sfx">PL</mk></mw><gra type="gra" index="2" head="0" relation="INCROOT"/></mor></w>
    <t type="p"><mor type="mor"><mt type="p"/><gra type="gra" index="3" head="2" relation="PUNCT"/></mor></t>

  </u>
  <u who="CLI" uID="u43">
    <w>well<mor type="mor"><mw><pos><c>adv</c></pos><stem>well</stem></mw><gra type="gra" index="1" head="2" relation="JCT"/></mor></w>
    <w>now<mor type="mor"><mw><pos><c>adv</c></pos><stem>now</stem></mw><gra type="gra" index="2" head="3" relation="JCT"/></mor></w>
    <w>what<mor type="mor"><mw><pos><c>pro</c><s>wh</s></pos><stem>what</stem></mw><gra type="gra" index="3" head="0" relation="ROOT"/></mor></w>
    <t type="q"><mor type="mor"><mt type="q"/><gra type="gra" index="4" head="3" relation="PUNCT"/></mor></t>

  </u>
  <u who="CHI" uID="u44">
    <w>hey<mor type="mor"><mw><pos><c>co</c></pos><stem>hey</stem></mw><gra type="gra" index="1" head="0" relation="INCROOT"/></mor></w>
    <t type="q"><mor type="mor"><mt type="q"/><gra type="gra" index="2" head="1" relation="PUNCT"/></mor></t>

  </u>
  <u who="CHI" uID="u45">
    <w>all<mor type="mor"><mw><pos><c>post</c></pos><stem>all</stem></mw><gra type="gra" index="1" head="0" relation="INCROOT"/></mor></w>
    <w>them<mor type="mor"><mw><pos><c>pro</c><s>obj</s></pos><stem>them</stem></mw><gra type="gra" index="2" head="4" relation="JCT"/></mor></w>
    <w>cars<mor type="mor"><mw><pos><c>n</c></pos><stem>car</stem><mk type="sfx">PL</mk></mw><gra type="gra" index="3" head="4" relation="SUBJ"/></mor></w>
    <w>are<mor type="mor"><mw><pos><c>cop</c></pos><stem>be</stem><mk type="sfxf">PRES</mk></mw><gra type="gra" index="4" head="1" relation="ROOT"/></mor></w>
    <w>in<mor type="mor"><mw><pos><c>adv</c></pos><stem>in</stem></mw><gra type="gra" index="5" head="4" relation="JCT"/></mor></w>
    <t type="p"><mor type="mor"><mt type="p"/><gra type="gra" index="6" head="4" relation="PUNCT"/></mor></t>

  </u>
  <u who="CHI" uID="u46">
    <w>put<mor type="mor"><mw><pos><c>v</c></pos><stem>put</stem><mk type="sfxf">ZERO</mk></mw><gra type="gra" index="1" head="0" relation="ROOT"/></mor></w>
    <w>my<mor type="mor"><mw><pos><c>pro</c><s>poss</s><s>det</s></pos><stem>my</stem></mw><gra type="gra" index="2" head="3" relation="MOD"/></mor></w>
    <w>motorcycle<mor type="mor"><mw><pos><c>n</c></pos><stem>motorcycle</stem></mw><gra type="gra" index="3" head="1" relation="OBJ"/></mor></w>
    <w>in<mor type="mor"><mw><pos><c>adv</c></pos><stem>in</stem></mw><gra type="gra" index="4" head="1" relation="JCT"/></mor></w>
    <t type="p"><mor type="mor"><mt type="p"/><gra type="gra" index="5" head="1" relation="PUNCT"/></mor></t>

  </u>
  <u who="CLI" uID="u47">
    <w>take<mor type="mor"><mw><pos><c>v</c></pos><stem>take</stem></mw><gra type="gra" index="1" head="0" relation="ROOT"/></mor></w>
    <w>them<mor type="mor"><mw><pos><c>pro</c><s>obj</s></pos><stem>them</stem></mw><gra type="gra" index="2" head="1" relation="OBJ"/></mor></w>
    <w>all<mor type="mor"><mw><pos><c>post</c></pos><stem>all</stem></mw><gra type="gra" index="3" head="2" relation="PQ"/></mor></w>
    <w>out<mor type="mor"><mw><pos><c>adv</c></pos><stem>out</stem></mw><gra type="gra" index="4" head="1" relation="JCT"/></mor></w>
    <t type="p"><mor type="mor"><mt type="p"/><gra type="gra" index="5" head="1" relation="PUNCT"/></mor></t>

  </u>
  <u who="CHI" uID="u48">
    <g><w type="fragment">uh</w>
    <w>oh</w><k type="retracing unclear"/></g>
    <t type="p"></t>

  </u>
  <u who="CHI" uID="u49">
    <w>yep<mor type="mor"><mw><pos><c>co</c></pos><stem>yep</stem></mw><gra type="gra" index="1" head="0" relation="INCROOT"/></mor></w>
    <t type="p"><mor type="mor"><mt type="p"/><gra type="gra" index="2" head="1" relation="PUNCT"/></mor></t>

  </u>
  <u who="CHI" uID="u50">
    <w>there's<mor type="mor"><mw><pos><c>pro</c><s>exist</s></pos><stem>there</stem></mw><gra type="gra" index="1" head="3" relation="SUBJ"/><mor-post><mw><pos><c>aux</c></pos><stem>be</stem><mk type="sfxf">3S</mk></mw><gra type="gra" index="2" head="3" relation="AUX"/></mor-post></mor></w>
    <g><w type="fragment">um</w><k type="retracing unclear"/></g>
    <w>cars<mor type="mor"><mw><pos><c>n</c></pos><stem>car</stem><mk type="sfx">PL</mk></mw><gra type="gra" index="3" head="0" relation="INCROOT"/></mor></w>
    <w untranscribed="unintelligible">xxx</w>
    <t type="p"><mor type="mor"><mt type="p"/><gra type="gra" index="4" head="3" relation="PUNCT"/></mor></t>

  </u>
  <u who="CHI" uID="u51">
    <w>it<mor type="mor"><mw><pos><c>pro</c></pos><stem>it</stem></mw><gra type="gra" index="1" head="0" relation="INCROOT"/></mor></w>
    <w>after<mor type="mor"><mw><pos><c>prep</c></pos><stem>after</stem></mw><gra type="gra" index="2" head="1" relation="JCT"/></mor></w>
    <w>my<mor type="mor"><mw><pos><c>pro</c><s>poss</s><s>det</s></pos><stem>my</stem></mw><gra type="gra" index="3" head="4" relation="MOD"/></mor></w>
    <w>car<mor type="mor"><mw><pos><c>n</c></pos><stem>car</stem></mw><gra type="gra" index="4" head="2" relation="POBJ"/></mor></w>
    <g><w>i</w><k type="retracing unclear"/></g>
    <w>I<mor type="mor"><mw><pos><c>pro</c><s>sub</s></pos><stem>I</stem></mw><gra type="gra" index="5" head="6" relation="SUBJ"/></mor></w>
    <w>put<mor type="mor"><mw><pos><c>v</c></pos><stem>put</stem><mk type="sfxf">ZERO</mk></mw><gra type="gra" index="6" head="1" relation="CJCT"/></mor></w>
    <w>my<mor type="mor"><mw><pos><c>pro</c><s>poss</s><s>det</s></pos><stem>my</stem></mw><gra type="gra" index="7" head="8" relation="MOD"/></mor></w>
    <w>motorcycle<mor type="mor"><mw><pos><c>n</c></pos><stem>motorcycle</stem></mw><gra type="gra" index="8" head="6" relation="OBJ"/></mor></w>
    <w>in<mor type="mor"><mw><pos><c>adv</c></pos><stem>in</stem></mw><gra type="gra" index="9" head="6" relation="JCT"/></mor></w>
    <t type="p"><mor type="mor"><mt type="p"/><gra type="gra" index="10" head="1" relation="PUNCT"/></mor></t>

  </u>
  <u who="CLI" uID="u52">
    <w>think<mor type="mor"><mw><pos><c>v</c></pos><stem>think</stem></mw><gra type="gra" index="1" head="4" relation="LINK"/></mor></w>
    <w>it'll<mor type="mor"><mw><pos><c>pro</c></pos><stem>it</stem></mw><gra type="gra" index="2" head="4" relation="SUBJ"/><mor-post><mw><pos><c>mod</c></pos><stem>will</stem></mw><gra type="gra" index="3" head="4" relation="AUX"/></mor-post></mor></w>
    <w>fit<mor type="mor"><mw><pos><c>v</c></pos><stem>fit</stem><mk type="sfxf">ZERO</mk></mw><gra type="gra" index="4" head="0" relation="ROOT"/></mor></w>
    <t type="q"><mor type="mor"><mt type="q"/><gra type="gra" index="5" head="4" relation="PUNCT"/></mor></t>

  </u>
  <u who="CLI" uID="u53">
    <w>that<mor type="mor"><mw><pos><c>det</c></pos><stem>that</stem></mw><gra type="gra" index="1" head="2" relation="DET"/></mor></w>
    <w type="omission">is<mor type="mor"><mw><pos><c>0aux</c></pos><stem>is</stem></mw><gra type="gra" index="2" head="0" relation="ROOT"/></mor></w>
    <w type="omission">a<mor type="mor"><mw><pos><c>0det</c></pos><stem>a</stem></mw><gra type="gra" index="3" head="6" relation="MOD"/></mor></w>
    <w>great<mor type="mor"><mw><pos><c>adj</c></pos><stem>great</stem></mw><gra type="gra" index="4" head="6" relation="MOD"/></mor></w>
    <w>big<mor type="mor"><mw><pos><c>adj</c></pos><stem>big</stem></mw><gra type="gra" index="5" head="6" relation="MOD"/></mor></w>
    <w>one<mor type="mor"><mw><pos><c>pro</c><s>indef</s></pos><stem>one</stem></mw><gra type="gra" index="6" head="2" relation="PRED"/></mor></w>
    <t type="p"><mor type="mor"><mt type="p"/><gra type="gra" index="7" head="2" relation="PUNCT"/></mor></t>

  </u>
  <u who="CLI" uID="u54">
    <w>do<mor type="mor"><mw><pos><c>mod</c></pos><stem>do</stem></mw><gra type="gra" index="1" head="3" relation="AUX"/></mor></w>
    <w>you<mor type="mor"><mw><pos><c>pro</c></pos><stem>you</stem></mw><gra type="gra" index="2" head="3" relation="SUBJ"/></mor></w>
    <w>think<mor type="mor"><mw><pos><c>v</c></pos><stem>think</stem></mw><gra type="gra" index="3" head="0" relation="ROOT"/></mor></w>
    <w>that<mor type="mor"><mw><pos><c>pro</c><s>dem</s></pos><stem>that</stem></mw><gra type="gra" index="4" head="8" relation="JCT"/></mor></w>
    <w>big<mor type="mor"><mw><pos><c>adj</c></pos><stem>big</stem></mw><gra type="gra" index="5" head="6" relation="MOD"/></mor></w>
    <w>cycle<mor type="mor"><mw><pos><c>n</c></pos><stem>cycle</stem></mw><gra type="gra" index="6" head="8" relation="SUBJ"/></mor></w>
    <w>will<mor type="mor"><mw><pos><c>mod</c></pos><stem>will</stem></mw><gra type="gra" index="7" head="8" relation="AUX"/></mor></w>
    <w>fit<mor type="mor"><mw><pos><c>v</c></pos><stem>fit</stem><mk type="sfxf">ZERO</mk></mw><gra type="gra" index="8" head="3" relation="COMP"/></mor></w>
    <w>in<mor type="mor"><mw><pos><c>prep</c></pos><stem>in</stem></mw><gra type="gra" index="9" head="8" relation="JCT"/></mor></w>
    <w>the<mor type="mor"><mw><pos><c>art</c></pos><stem>the</stem></mw><gra type="gra" index="10" head="11" relation="MOD"/></mor></w>
    <w>truck<mor type="mor"><mw><pos><c>n</c></pos><stem>truck</stem></mw><gra type="gra" index="11" head="9" relation="POBJ"/></mor></w>
    <t type="q"><mor type="mor"><mt type="q"/><gra type="gra" index="12" head="3" relation="PUNCT"/></mor></t>

  </u>
  <u who="CHI" uID="u55">
    <w>yeah<mor type="mor"><mw><pos><c>co</c></pos><stem>yeah</stem></mw><gra type="gra" index="1" head="0" relation="INCROOT"/></mor></w>
    <t type="p"><mor type="mor"><mt type="p"/><gra type="gra" index="2" head="1" relation="PUNCT"/></mor></t>

  </u>
  <u who="CLI" uID="u56">
    <g><w type="fragment">aw</w><k type="retracing unclear"/></g>
    <w>look<mor type="mor"><mw><pos><c>v</c></pos><stem>look</stem></mw><gra type="gra" index="1" head="0" relation="ROOT"/></mor></w>
    <w>at<mor type="mor"><mw><pos><c>prep</c></pos><stem>at</stem></mw><gra type="gra" index="2" head="1" relation="JCT"/></mor></w>
    <w>that<mor type="mor"><mw><pos><c>pro</c><s>dem</s></pos><stem>that</stem></mw><gra type="gra" index="3" head="2" relation="POBJ"/></mor></w>
    <t type="p"><mor type="mor"><mt type="p"/><gra type="gra" index="4" head="1" relation="PUNCT"/></mor></t>

  </u>
  <u who="CHI" uID="u57">
    <w>think<mor type="mor"><mw><pos><c>v</c></pos><stem>think</stem></mw><gra type="gra" index="1" head="0" relation="ROOT"/></mor></w>
    <w>better<mor type="mor"><mw><pos><c>adv</c></pos><stem>good</stem><mk type="sfxf">CP</mk></mw><gra type="gra" index="2" head="1" relation="JCT"/></mor></w>
    <w>take<mor type="mor"><mw><pos><c>v</c></pos><stem>take</stem></mw><gra type="gra" index="3" head="1" relation="COMP"/></mor></w>
    <w>this<mor type="mor"><mw><pos><c>det</c></pos><stem>this</stem></mw><gra type="gra" index="4" head="5" relation="DET"/></mor></w>
    <w>out<mor type="mor"><mw><pos><c>adv</c></pos><stem>out</stem></mw><gra type="gra" index="5" head="3" relation="JCT"/></mor></w>
    <t type="p"><mor type="mor"><mt type="p"/><gra type="gra" index="6" head="1" relation="PUNCT"/></mor></t>

  </u>
  <u who="CLI" uID="u58">
    <w>yeah<mor type="mor"><mw><pos><c>co</c></pos><stem>yeah</stem></mw><gra type="gra" index="1" head="3" relation="COM"/></mor></w>
    <w>he's<mor type="mor"><mw><pos><c>pro</c><s>sub</s></pos><stem>he</stem></mw><gra type="gra" index="2" head="3" relation="SUBJ"/><mor-post><mw><pos><c>cop</c></pos><stem>be</stem><mk type="sfxf">3S</mk></mw><gra type="gra" index="3" head="0" relation="ROOT"/></mor-post></mor></w>
    <w>stuck<mor type="mor"><mw><pos><c>part</c></pos><stem>stick</stem><mk type="sfxf">PASTP</mk></mw><gra type="gra" index="4" head="3" relation="PRED"/></mor></w>
    <t type="p"><mor type="mor"><mt type="p"/><gra type="gra" index="5" head="3" relation="PUNCT"/></mor></t>

  </u>
  <u who="CLI" uID="u59">
    <w>there<mor type="mor"><mw><pos><c>adv</c></pos><stem>there</stem></mw><gra type="gra" index="1" head="0" relation="INCROOT"/></mor></w>
    <t type="p"><mor type="mor"><mt type="p"/><gra type="gra" index="2" head="1" relation="PUNCT"/></mor></t>

  </u>
  <u who="CHI" uID="u60">
    <w>he<mor type="mor"><mw><pos><c>pro</c><s>sub</s></pos><stem>he</stem></mw><gra type="gra" index="1" head="2" relation="SUBJ"/></mor></w>
    <w>got<mor type="mor"><mw><pos><c>v</c></pos><stem>get</stem><mk type="sfxf">PAST</mk></mw><gra type="gra" index="2" head="0" relation="ROOT"/></mor></w>
    <w>going<mor type="mor"><mw><pos><c>n</c><s>gerund</s></pos><stem>go</stem><mk type="sfx">PRESP</mk></mw><gra type="gra" index="3" head="2" relation="OBJ"/></mor></w>
    <g><w type="fragment">uh</w>
    <w type="fragment">uh</w><k type="retracing unclear"/></g>
    <t type="p"><mor type="mor"><mt type="p"/><gra type="gra" index="4" head="2" relation="PUNCT"/></mor></t>

  </u>
  <u who="CLI" uID="u61">
    <w>he's<mor type="mor"><mw><pos><c>pro</c><s>sub</s></pos><stem>he</stem></mw><gra type="gra" index="1" head="2" relation="SUBJ"/><mor-post><mw><pos><c>aux</c></pos><stem>be</stem><mk type="sfxf">3S</mk></mw><gra type="gra" index="2" head="0" relation="ROOT"/></mor-post></mor></w>
    <w>really<mor type="mor"><mw><pos><c>adv</c></pos><stem>real</stem><mk type="sfxf">dadj</mk><mk type="sfx">LY</mk></mw><gra type="gra" index="3" head="2" relation="JCT"/></mor></w>
    <w>in<mor type="mor"><mw><pos><c>prep</c></pos><stem>in</stem></mw><gra type="gra" index="4" head="3" relation="JCT"/></mor></w>
    <w>there<mor type="mor"><mw><pos><c>pro</c><s>dem</s></pos><stem>there</stem></mw><gra type="gra" index="5" head="4" relation="POBJ"/></mor></w>
    <t type="p"><mor type="mor"><mt type="p"/><gra type="gra" index="6" head="2" relation="PUNCT"/></mor></t>

  </u>
  <u who="CLI" uID="u62">
    <g><w>should</w>
    <w>I</w><k type="retracing unclear"/></g>
    <w>there<mor type="mor"><mw><pos><c>adv</c></pos><stem>there</stem></mw><gra type="gra" index="1" head="3" relation="JCT"/></mor></w>
    <w>he<mor type="mor"><mw><pos><c>pro</c><s>sub</s></pos><stem>he</stem></mw><gra type="gra" index="2" head="3" relation="SUBJ"/></mor></w>
    <w>comes<mor type="mor"><mw><pos><c>v</c></pos><stem>come</stem><mk type="sfx">3S</mk></mw><gra type="gra" index="3" head="0" relation="ROOT"/></mor></w>
    <t type="p"><mor type="mor"><mt type="p"/><gra type="gra" index="4" head="3" relation="PUNCT"/></mor></t>

  </u>
  <u who="CHI" uID="u63">
    <w untranscribed="unintelligible">xxx</w>
    <t type="p"></t>

  </u>
  <u who="CHI" uID="u64">
    <w>he<mor type="mor"><mw><pos><c>pro</c><s>sub</s></pos><stem>he</stem></mw><gra type="gra" index="1" head="2" relation="SUBJ"/></mor></w>
    <w>fits<mor type="mor"><mw><pos><c>v</c></pos><stem>fit</stem><mk type="sfx">3S</mk></mw><gra type="gra" index="2" head="0" relation="ROOT"/></mor></w>
    <t type="p"><mor type="mor"><mt type="p"/><gra type="gra" index="3" head="2" relation="PUNCT"/></mor></t>

  </u>
  <u who="CLI" uID="u65">
    <w>he<mor type="mor"><mw><pos><c>pro</c><s>sub</s></pos><stem>he</stem></mw><gra type="gra" index="1" head="2" relation="SUBJ"/></mor></w>
    <w>fits<mor type="mor"><mw><pos><c>v</c></pos><stem>fit</stem><mk type="sfx">3S</mk></mw><gra type="gra" index="2" head="0" relation="ROOT"/></mor></w>
    <t type="p"><mor type="mor"><mt type="p"/><gra type="gra" index="3" head="2" relation="PUNCT"/></mor></t>

  </u>
  <u who="CLI" uID="u66">
    <w>you<mor type="mor"><mw><pos><c>pro</c></pos><stem>you</stem></mw><gra type="gra" index="1" head="2" relation="SUBJ"/></mor></w>
    <w>did<mor type="mor"><mw><pos><c>v</c></pos><stem>do</stem><mk type="sfxf">PAST</mk></mw><gra type="gra" index="2" head="0" relation="ROOT"/></mor></w>
    <w>it<mor type="mor"><mw><pos><c>pro</c></pos><stem>it</stem></mw><gra type="gra" index="3" head="2" relation="OBJ"/></mor></w>
    <t type="p"><mor type="mor"><mt type="p"/><gra type="gra" index="4" head="2" relation="PUNCT"/></mor></t>

  </u>
  <u who="CLI" uID="u67">
    <w>that's<mor type="mor"><mw><pos><c>pro</c><s>dem</s></pos><stem>that</stem></mw><gra type="gra" index="1" head="2" relation="SUBJ"/><mor-post><mw><pos><c>cop</c></pos><stem>be</stem><mk type="sfxf">3S</mk></mw><gra type="gra" index="2" head="0" relation="ROOT"/></mor-post></mor></w>
    <w>it<mor type="mor"><mw><pos><c>pro</c></pos><stem>it</stem></mw><gra type="gra" index="3" head="2" relation="PRED"/></mor></w>
    <t type="p"><mor type="mor"><mt type="p"/><gra type="gra" index="4" head="2" relation="PUNCT"/></mor></t>

  </u>
  <u who="CLI" uID="u68">
    <w>look<mor type="mor"><mw><pos><c>v</c></pos><stem>look</stem></mw><gra type="gra" index="1" head="0" relation="ROOT"/></mor></w>
    <w>at<mor type="mor"><mw><pos><c>prep</c></pos><stem>at</stem></mw><gra type="gra" index="2" head="1" relation="JCT"/></mor></w>
    <w>that<mor type="mor"><mw><pos><c>pro</c><s>dem</s></pos><stem>that</stem></mw><gra type="gra" index="3" head="2" relation="POBJ"/></mor></w>
    <t type="p"><mor type="mor"><mt type="p"/><gra type="gra" index="4" head="1" relation="PUNCT"/></mor></t>

  </u>
  <u who="CLI" uID="u69">
    <w>he<mor type="mor"><mw><pos><c>pro</c><s>sub</s></pos><stem>he</stem></mw><gra type="gra" index="1" head="0" relation="INCROOT"/></mor></w>
    <w>really<mor type="mor"><mw><pos><c>adv</c></pos><stem>real</stem><mk type="sfxf">dadj</mk><mk type="sfx">LY</mk></mw><gra type="gra" index="2" head="1" relation="JCT"/></mor></w>
    <w>steers<mor type="mor"><mw><pos><c>n</c></pos><stem>steer</stem><mk type="sfx">PL</mk></mw><gra type="gra" index="3" head="2" relation="POBJ"/></mor></w>
    <w>too<mor type="mor"><mw><pos><c>post</c></pos><stem>too</stem></mw><gra type="gra" index="4" head="3" relation="PQ"/></mor></w>
    <w untranscribed="unintelligible">xxx</w>
    <t type="p"><mor type="mor"><mt type="p"/><gra type="gra" index="5" head="1" relation="PUNCT"/></mor></t>

  </u>
  <u who="CHI" uID="u70">
    <w>yeah<mor type="mor"><mw><pos><c>co</c></pos><stem>yeah</stem></mw><gra type="gra" index="1" head="0" relation="INCROOT"/></mor></w>
    <t type="p"><mor type="mor"><mt type="p"/><gra type="gra" index="2" head="1" relation="PUNCT"/></mor></t>

  </u>
  <u who="CLI" uID="u71">
    <w>is<mor type="mor"><mw><pos><c>cop</c></pos><stem>be</stem><mk type="sfxf">3S</mk></mw><gra type="gra" index="1" head="0" relation="ROOT"/></mor></w>
    <w>that<mor type="mor"><mw><pos><c>pro</c><s>dem</s></pos><stem>that</stem></mw><gra type="gra" index="2" head="5" relation="COM"/></mor></w>
    <w>how<mor type="mor"><mw><pos><c>adv</c><s>wh</s></pos><stem>how</stem></mw><gra type="gra" index="3" head="5" relation="LINK"/></mor></w>
    <w>you<mor type="mor"><mw><pos><c>pro</c></pos><stem>you</stem></mw><gra type="gra" index="4" head="5" relation="SUBJ"/></mor></w>
    <w>drive<mor type="mor"><mw><pos><c>v</c></pos><stem>drive</stem></mw><gra type="gra" index="5" head="1" relation="PRED"/></mor></w>
    <t type="q"><mor type="mor"><mt type="q"/><gra type="gra" index="6" head="1" relation="PUNCT"/></mor></t>

  </u>
  <u who="CHI" uID="u72">
    <w>yes<mor type="mor"><mw><pos><c>co</c></pos><stem>yes</stem></mw><gra type="gra" index="1" head="0" relation="INCROOT"/></mor></w>
    <t type="p"><mor type="mor"><mt type="p"/><gra type="gra" index="2" head="1" relation="PUNCT"/></mor></t>

  </u>
  <u who="CHI" uID="u73">
    <w>I<mor type="mor"><mw><pos><c>pro</c><s>sub</s></pos><stem>I</stem></mw><gra type="gra" index="1" head="2" relation="SUBJ"/></mor></w>
    <w>go<mor type="mor"><mw><pos><c>v</c></pos><stem>go</stem></mw><gra type="gra" index="2" head="3" relation="SRL"/></mor></w>
    <w>do<mor type="mor"><mw><pos><c>v</c></pos><stem>do</stem></mw><gra type="gra" index="3" head="0" relation="ROOT"/></mor></w>
    <w>big<mor type="mor"><mw><pos><c>adj</c></pos><stem>big</stem></mw><gra type="gra" index="4" head="5" relation="MOD"/></mor></w>
    <w>wheelie<mor type="mor"><mw><pos><c>n</c></pos><stem>wheel</stem><mk type="sfx">DIM</mk></mw><gra type="gra" index="5" head="3" relation="OBJ"/></mor></w>
    <t type="p"><mor type="mor"><mt type="p"/><gra type="gra" index="6" head="3" relation="PUNCT"/></mor></t>

  </u>
  <u who="CLI" uID="u74">
    <w>you<mor type="mor"><mw><pos><c>pro</c></pos><stem>you</stem></mw><gra type="gra" index="1" head="2" relation="SUBJ"/></mor></w>
    <w>do<mor type="mor"><mw><pos><c>v</c></pos><stem>do</stem></mw><gra type="gra" index="2" head="0" relation="ROOT"/></mor></w>
    <w>big<mor type="mor"><mw><pos><c>adj</c></pos><stem>big</stem></mw><gra type="gra" index="3" head="4" relation="MOD"/></mor></w>
    <w>wheelies<mor type="mor"><mw><pos><c>n</c></pos><stem>wheel</stem><mk type="sfx">DIM</mk><mk type="sfx">PL</mk></mw><gra type="gra" index="4" head="2" relation="OBJ"/></mor></w>
    <t type="q"><mor type="mor"><mt type="q"/><gra type="gra" index="5" head="2" relation="PUNCT"/></mor></t>

  </u>
  <u who="CLI" uID="u75">
    <w>I<mor type="mor"><mw><pos><c>pro</c><s>sub</s></pos><stem>I</stem></mw><gra type="gra" index="1" head="4" relation="SUBJ"/></mor></w>
    <w>don't<mor type="mor"><mw><pos><c>mod</c></pos><stem>do</stem></mw><gra type="gra" index="2" head="4" relation="AUX"/><mor-post><mw><pos><c>neg</c></pos><stem>not</stem></mw><gra type="gra" index="3" head="2" relation="NEG"/></mor-post></mor></w>
    <w>do<mor type="mor"><mw><pos><c>v</c></pos><stem>do</stem></mw><gra type="gra" index="4" head="0" relation="ROOT"/></mor></w>
    <w>that<mor type="mor"><mw><pos><c>pro</c><s>dem</s></pos><stem>that</stem></mw><gra type="gra" index="5" head="4" relation="OBJ"/></mor></w>
    <t type="p"><mor type="mor"><mt type="p"/><gra type="gra" index="6" head="4" relation="PUNCT"/></mor></t>

  </u>
  <u who="CLI" uID="u76">
    <w>I<mor type="mor"><mw><pos><c>pro</c><s>sub</s></pos><stem>I</stem></mw><gra type="gra" index="1" head="2" relation="SUBJ"/></mor></w>
    <w>think<mor type="mor"><mw><pos><c>v</c></pos><stem>think</stem></mw><gra type="gra" index="2" head="0" relation="ROOT"/></mor></w>
    <w>I<mor type="mor"><mw><pos><c>pro</c><s>sub</s></pos><stem>I</stem></mw><gra type="gra" index="3" head="5" relation="SUBJ"/></mor></w>
    <w>might<mor type="mor"><mw><pos><c>mod</c></pos><stem>might</stem></mw><gra type="gra" index="4" head="5" relation="AUX"/></mor></w>
    <w>tip<mor type="mor"><mw><pos><c>v</c></pos><stem>tip</stem></mw><gra type="gra" index="5" head="2" relation="COMP"/></mor></w>
    <w>over<mor type="mor"><mw><pos><c>adv</c></pos><stem>over</stem></mw><gra type="gra" index="6" head="5" relation="JCT"/></mor></w>
    <w>if<mor type="mor"><mw><pos><c>conj</c></pos><stem>if</stem></mw><gra type="gra" index="7" head="10" relation="LINK"/></mor></w>
    <w>I<mor type="mor"><mw><pos><c>pro</c><s>sub</s></pos><stem>I</stem></mw><gra type="gra" index="8" head="10" relation="SUBJ"/></mor></w>
    <w>did<mor type="mor"><mw><pos><c>mod</c></pos><stem>do</stem><mk type="sfxf">PAST</mk></mw><gra type="gra" index="9" head="10" relation="AUX"/></mor></w>
    <w>it<mor type="mor"><mw><pos><c>pro</c></pos><stem>it</stem></mw><gra type="gra" index="10" head="5" relation="CJCT"/></mor></w>
    <t type="p"><mor type="mor"><mt type="p"/><gra type="gra" index="11" head="2" relation="PUNCT"/></mor></t>

  </u>
  <u who="CLI" uID="u77">
    <w>there<mor type="mor"><mw><pos><c>adv</c></pos><stem>there</stem></mw><gra type="gra" index="1" head="3" relation="JCT"/></mor></w>
    <w>he<mor type="mor"><mw><pos><c>pro</c><s>sub</s></pos><stem>he</stem></mw><gra type="gra" index="2" head="3" relation="SUBJ"/></mor></w>
    <w>goes<mor type="mor"><mw><pos><c>v</c></pos><stem>go</stem><mk type="sfx">3S</mk></mw><gra type="gra" index="3" head="0" relation="ROOT"/></mor></w>
    <t type="p"><mor type="mor"><mt type="p"/><gra type="gra" index="4" head="3" relation="PUNCT"/></mor></t>

  </u>
  <u who="CLI" uID="u78">
    <w>way<mor type="mor"><mw><pos><c>n</c></pos><stem>way</stem></mw><gra type="gra" index="1" head="0" relation="INCROOT"/></mor></w>
    <w>over<mor type="mor"><mw><pos><c>prep</c></pos><stem>over</stem></mw><gra type="gra" index="2" head="1" relation="NJCT"/></mor></w>
    <w>in<mor type="mor"><mw><pos><c>prep</c></pos><stem>in</stem></mw><gra type="gra" index="3" head="2" relation="POBJ"/></mor></w>
    <w>the<mor type="mor"><mw><pos><c>art</c></pos><stem>the</stem></mw><gra type="gra" index="4" head="5" relation="MOD"/></mor></w>
    <w>corner<mor type="mor"><mw><pos><c>n</c></pos><stem>corner</stem></mw><gra type="gra" index="5" head="3" relation="POBJ"/></mor></w>
    <t type="p"><mor type="mor"><mt type="p"/><gra type="gra" index="6" head="1" relation="PUNCT"/></mor></t>

  </u>
  <u who="CLI" uID="u79">
    <w>dumped<mor type="mor"><mw><pos><c>v</c></pos><stem>dump</stem><mk type="sfx">PAST</mk></mw><gra type="gra" index="1" head="0" relation="ROOT"/></mor></w>
    <w>them<mor type="mor"><mw><pos><c>pro</c><s>obj</s></pos><stem>them</stem></mw><gra type="gra" index="2" head="1" relation="OBJ"/></mor></w>
    <w>all<mor type="mor"><mw><pos><c>post</c></pos><stem>all</stem></mw><gra type="gra" index="3" head="2" relation="PQ"/></mor></w>
    <w>out<mor type="mor"><mw><pos><c>adv</c></pos><stem>out</stem></mw><gra type="gra" index="4" head="1" relation="JCT"/></mor></w>
    <t type="p"><mor type="mor"><mt type="p"/><gra type="gra" index="5" head="1" relation="PUNCT"/></mor></t>

  </u>
  <u who="CLI" uID="u80">
    <w>what<mor type="mor"><mw><pos><c>pro</c><s>wh</s></pos><stem>what</stem></mw><gra type="gra" index="1" head="2" relation="SUBJ"/></mor></w>
    <w>was<mor type="mor"><mw><pos><c>cop</c></pos><stem>be</stem><mk type="sfxf">PAST</mk><mk type="sfxf">13S</mk></mw><gra type="gra" index="2" head="0" relation="ROOT"/></mor></w>
    <w>that<mor type="mor"><mw><pos><c>pro</c><s>dem</s></pos><stem>that</stem></mw><gra type="gra" index="3" head="2" relation="PRED"/></mor></w>
    <t type="q"><mor type="mor"><mt type="q"/><gra type="gra" index="4" head="2" relation="PUNCT"/></mor></t>

  </u>
  <u who="CHI" uID="u81">
    <w>a<mor type="mor"><mw><pos><c>art</c></pos><stem>a</stem></mw><gra type="gra" index="1" head="2" relation="MOD"/></mor></w>
    <w>puppy<mor type="mor"><mw><pos><c>n</c></pos><stem>puppy</stem></mw><gra type="gra" index="2" head="0" relation="INCROOT"/></mor></w>
    <t type="p"><mor type="mor"><mt type="p"/><gra type="gra" index="3" head="2" relation="PUNCT"/></mor></t>

  </u>
  <u who="CLI" uID="u82">
    <w>sounds<mor type="mor"><mw><pos><c>n</c></pos><stem>sound</stem><mk type="sfx">PL</mk></mw><gra type="gra" index="1" head="0" relation="INCROOT"/></mor></w>
    <w>like<mor type="mor"><mw><pos><c>prep</c></pos><stem>like</stem></mw><gra type="gra" index="2" head="1" relation="JCT"/></mor></w>
    <w>a<mor type="mor"><mw><pos><c>art</c></pos><stem>a</stem></mw><gra type="gra" index="3" head="4" relation="MOD"/></mor></w>
    <w>puppy<mor type="mor"><mw><pos><c>n</c></pos><stem>puppy</stem></mw><gra type="gra" index="4" head="2" relation="POBJ"/></mor></w>
    <t type="p"><mor type="mor"><mt type="p"/><gra type="gra" index="5" head="1" relation="PUNCT"/></mor></t>

  </u>
  <u who="CLI" uID="u83">
    <w>that's<mor type="mor"><mw><pos><c>pro</c><s>dem</s></pos><stem>that</stem></mw><gra type="gra" index="1" head="2" relation="SUBJ"/><mor-post><mw><pos><c>cop</c></pos><stem>be</stem><mk type="sfxf">3S</mk></mw><gra type="gra" index="2" head="0" relation="ROOT"/></mor-post></mor></w>
    <w untranscribed="unintelligible">xxx</w>
    <w>the<mor type="mor"><mw><pos><c>art</c></pos><stem>the</stem></mw><gra type="gra" index="3" head="4" relation="MOD"/></mor></w>
    <w>garage<mor type="mor"><mw><pos><c>n</c></pos><stem>garage</stem></mw><gra type="gra" index="4" head="2" relation="PRED"/></mor></w>
    <t type="p"><mor type="mor"><mt type="p"/><gra type="gra" index="5" head="2" relation="PUNCT"/></mor></t>

  </u>
  <u who="CLI" uID="u84">
    <w>that's<mor type="mor"><mw><pos><c>pro</c><s>dem</s></pos><stem>that</stem></mw><gra type="gra" index="1" head="2" relation="SUBJ"/><mor-post><mw><pos><c>cop</c></pos><stem>be</stem><mk type="sfxf">3S</mk></mw><gra type="gra" index="2" head="0" relation="ROOT"/></mor-post></mor></w>
    <w>a<mor type="mor"><mw><pos><c>art</c></pos><stem>a</stem></mw><gra type="gra" index="3" head="5" relation="MOD"/></mor></w>
    <w>big<mor type="mor"><mw><pos><c>adj</c></pos><stem>big</stem></mw><gra type="gra" index="4" head="5" relation="MOD"/></mor></w>
    <w>garage<mor type="mor"><mw><pos><c>n</c></pos><stem>garage</stem></mw><gra type="gra" index="5" head="2" relation="PRED"/></mor></w>
    <t type="p"><mor type="mor"><mt type="p"/><gra type="gra" index="6" head="2" relation="PUNCT"/></mor></t>

  </u>
  <u who="CHI" uID="u85">
    <w untranscribed="unintelligible">xxx</w>
    <t type="p"></t>

  </u>
  <u who="CHI" uID="u86">
    <w untranscribed="unintelligible">xxx</w>
    <w>room<mor type="mor"><mw><pos><c>n</c></pos><stem>room</stem></mw><gra type="gra" index="1" head="0" relation="INCROOT"/></mor></w>
    <t type="p"><mor type="mor"><mt type="p"/><gra type="gra" index="2" head="1" relation="PUNCT"/></mor></t>

  </u>
  <u who="CLI" uID="u87">
    <w>the<mor type="mor"><mw><pos><c>art</c></pos><stem>the</stem></mw><gra type="gra" index="1" head="5" relation="LINK"/></mor></w>
    <w>truck<mor type="mor"><mw><pos><c>n</c></pos><stem>truck</stem></mw><gra type="gra" index="2" head="5" relation="SUBJ"/></mor></w>
    <w>can't<mor type="mor"><mw><pos><c>mod</c></pos><stem>can</stem></mw><gra type="gra" index="3" head="5" relation="AUX"/><mor-post><mw><pos><c>neg</c></pos><stem>not</stem></mw><gra type="gra" index="4" head="3" relation="NEG"/></mor-post></mor></w>
    <w>move<mor type="mor"><mw><pos><c>v</c></pos><stem>move</stem></mw><gra type="gra" index="5" head="0" relation="ROOT"/></mor></w>
    <t type="p"><mor type="mor"><mt type="p"/><gra type="gra" index="6" head="5" relation="PUNCT"/></mor></t>

  </u>
  <u who="CLI" uID="u88">
    <w>all<mor type="mor"><mw><pos><c>post</c></pos><stem>all</stem></mw><gra type="gra" index="1" head="2" relation="AUX"/></mor></w>
    <w>closed<mor type="mor"><mw><pos><c>part</c></pos><stem>close</stem><mk type="sfx">PASTP</mk></mw><gra type="gra" index="2" head="0" relation="ROOT"/></mor></w>
    <t type="p"><mor type="mor"><mt type="p"/><gra type="gra" index="3" head="2" relation="PUNCT"/></mor></t>

  </u>
  <u who="CLI" uID="u89">
    <w>have_to<mor type="mor"><mw><pos><c>mod</c><s>aux</s></pos><stem>have_to</stem></mw><gra type="gra" index="1" head="2" relation="SUBJ"/></mor></w>
    <w>close<mor type="mor"><mw><pos><c>v</c></pos><stem>close</stem></mw><gra type="gra" index="2" head="0" relation="ROOT"/></mor></w>
    <t type="p"><mor type="mor"><mt type="p"/><gra type="gra" index="3" head="2" relation="PUNCT"/></mor></t>

  </u>
  <u who="CLI" uID="u90">
    <w>one<mor type="mor"><mw><pos><c>det</c><s>num</s></pos><stem>one</stem></mw><gra type="gra" index="1" head="3" relation="QUANT"/></mor></w>
    <w>more<mor type="mor"><mw><pos><c>qn</c></pos><stem>more</stem></mw><gra type="gra" index="2" head="3" relation="QUANT"/></mor></w>
    <w>trip<mor type="mor"><mw><pos><c>n</c></pos><stem>trip</stem></mw><gra type="gra" index="3" head="0" relation="INCROOT"/></mor></w>
    <t type="p"><mor type="mor"><mt type="p"/><gra type="gra" index="4" head="3" relation="PUNCT"/></mor></t>

  </u>
  <u who="CHI" uID="u91">
    <w untranscribed="unintelligible">xxx</w>
    <t type="p"></t>

  </u>
  <u who="CLI" uID="u92">
    <g><w type="fragment">uh</w><k type="retracing unclear"/></g>
    <w>oh<mor type="mor"><mw><pos><c>co</c></pos><stem>oh</stem></mw><gra type="gra" index="1" head="0" relation="INCROOT"/></mor></w>
    <t type="p"><mor type="mor"><mt type="p"/><gra type="gra" index="2" head="1" relation="PUNCT"/></mor></t>

  </u>
  <u who="CLI" uID="u93">
    <w>there's<mor type="mor"><mw><pos><c>pro</c><s>exist</s></pos><stem>there</stem></mw><gra type="gra" index="1" head="2" relation="SUBJ"/><mor-post><mw><pos><c>aux</c></pos><stem>be</stem><mk type="sfxf">3S</mk></mw><gra type="gra" index="2" head="0" relation="ROOT"/></mor-post></mor></w>
    <w untranscribed="unintelligible">xxx</w>
    <t type="p"><mor type="mor"><mt type="p"/><gra type="gra" index="3" head="2" relation="PUNCT"/></mor></t>

  </u>
  <u who="CLI" uID="u94">
    <w>hey<mor type="mor"><mw><pos><c>co</c></pos><stem>hey</stem></mw><gra type="gra" index="1" head="3" relation="COM"/></mor></w>
    <w>I<mor type="mor"><mw><pos><c>pro</c><s>sub</s></pos><stem>I</stem></mw><gra type="gra" index="2" head="3" relation="SUBJ"/></mor></w>
    <w>got<mor type="mor"><mw><pos><c>v</c></pos><stem>get</stem><mk type="sfxf">PAST</mk></mw><gra type="gra" index="3" head="0" relation="ROOT"/></mor></w>
    <w>an<mor type="mor"><mw><pos><c>art</c></pos><stem>a</stem></mw><gra type="gra" index="4" head="5" relation="MOD"/></mor></w>
    <w>idea<mor type="mor"><mw><pos><c>n</c></pos><stem>idea</stem></mw><gra type="gra" index="5" head="3" relation="OBJ"/></mor></w>
    <t type="p"><mor type="mor"><mt type="p"/><gra type="gra" index="6" head="3" relation="PUNCT"/></mor></t>

  </u>
  <u who="CHI" uID="u95">
    <w>after<mor type="mor"><mw><pos><c>prep</c></pos><stem>after</stem></mw><gra type="gra" index="1" head="0" relation="INCROOT"/></mor></w>
    <w>this<mor type="mor"><mw><pos><c>det</c></pos><stem>this</stem></mw><gra type="gra" index="2" head="5" relation="DET"/></mor></w>
    <w>one<mor type="mor"><mw><pos><c>pro</c><s>indef</s></pos><stem>one</stem></mw><gra type="gra" index="3" head="5" relation="MOD"/></mor></w>
    <w>haul<mor type="mor"><mw><pos><c>n</c></pos><stem>haul</stem></mw><gra type="gra" index="4" head="5" relation="MOD"/></mor></w>
    <w>puzzles<mor type="mor"><mw><pos><c>n</c></pos><stem>puzzle</stem><mk type="sfx">PL</mk></mw><gra type="gra" index="5" head="1" relation="POBJ"/></mor></w>
    <t type="p"><mor type="mor"><mt type="p"/><gra type="gra" index="6" head="1" relation="PUNCT"/></mor></t>

  </u>
  <u who="CHI" uID="u96">
    <w>what<mor type="mor"><mw><pos><c>pro</c><s>wh</s></pos><stem>what</stem></mw><gra type="gra" index="1" head="0" relation="INCROOT"/></mor></w>
    <t type="q"><mor type="mor"><mt type="q"/><gra type="gra" index="2" head="1" relation="PUNCT"/></mor></t>

  </u>
  <u who="CLI" uID="u97">
    <w>before<mor type="mor"><mw><pos><c>conj</c></pos><stem>before</stem></mw><gra type="gra" index="1" head="3" relation="LINK"/></mor></w>
    <w>we<mor type="mor"><mw><pos><c>pro</c><s>sub</s></pos><stem>we</stem></mw><gra type="gra" index="2" head="3" relation="SUBJ"/></mor></w>
    <w>haul<mor type="mor"><mw><pos><c>v</c></pos><stem>haul</stem></mw><gra type="gra" index="3" head="0" relation="ROOT"/></mor></w>
    <w>a<mor type="mor"><mw><pos><c>art</c></pos><stem>a</stem></mw><gra type="gra" index="4" head="6" relation="JCT"/></mor></w>
    <w>puzzle<mor type="mor"><mw><pos><c>n</c></pos><stem>puzzle</stem></mw><gra type="gra" index="5" head="6" relation="SUBJ"/></mor></w>
    <w>let's<mor type="mor"><mw><pos><c>v</c></pos><stem>let</stem></mw><gra type="gra" index="6" head="3" relation="COMP"/><mor-post><mw><pos><c>pro</c><s>obj</s></pos><stem>us</stem></mw><gra type="gra" index="7" head="6" relation="OBJ"/></mor-post></mor></w>
    <w>do<mor type="mor"><mw><pos><c>mod</c></pos><stem>do</stem></mw><gra type="gra" index="8" head="9" relation="AUX"/></mor></w>
    <w>look<mor type="mor"><mw><pos><c>v</c></pos><stem>look</stem></mw><gra type="gra" index="9" head="6" relation="COMP"/></mor></w>
    <w>at<mor type="mor"><mw><pos><c>prep</c></pos><stem>at</stem></mw><gra type="gra" index="10" head="9" relation="JCT"/></mor></w>
    <w>some<mor type="mor"><mw><pos><c>qn</c></pos><stem>some</stem></mw><gra type="gra" index="11" head="13" relation="QUANT"/></mor></w>
    <w>more<mor type="mor"><mw><pos><c>qn</c></pos><stem>more</stem></mw><gra type="gra" index="12" head="13" relation="QUANT"/></mor></w>
    <w>pictures<mor type="mor"><mw><pos><c>n</c></pos><stem>picture</stem><mk type="sfx">PL</mk></mw><gra type="gra" index="13" head="10" relation="POBJ"/></mor></w>
    <w>first<mor type="mor"><mw><pos><c>adv</c></pos><stem>first</stem></mw><gra type="gra" index="14" head="13" relation="NJCT"/></mor></w>
    <t type="p"><mor type="mor"><mt type="p"/><gra type="gra" index="15" head="3" relation="PUNCT"/></mor></t>

  </u>
  <u who="CLI" uID="u98">
    <w>then<mor type="mor"><mw><pos><c>adv</c><s>tem</s></pos><stem>then</stem></mw><gra type="gra" index="1" head="4" relation="JCT"/></mor></w>
    <w>we'll<mor type="mor"><mw><pos><c>pro</c><s>sub</s></pos><stem>we</stem></mw><gra type="gra" index="2" head="4" relation="SUBJ"/><mor-post><mw><pos><c>mod</c></pos><stem>will</stem></mw><gra type="gra" index="3" head="4" relation="AUX"/></mor-post></mor></w>
    <w>haul<mor type="mor"><mw><pos><c>v</c></pos><stem>haul</stem></mw><gra type="gra" index="4" head="0" relation="ROOT"/></mor></w>
    <w>the<mor type="mor"><mw><pos><c>art</c></pos><stem>the</stem></mw><gra type="gra" index="5" head="4" relation="OBJ"/></mor></w>
    <w>puzzle<mor type="mor"><mw><pos><c>n</c></pos><stem>puzzle</stem></mw><gra type="gra" index="6" head="5" relation="XMOD"/></mor></w>
    <w>over<mor type="mor"><mw><pos><c>adv</c></pos><stem>over</stem></mw><gra type="gra" index="7" head="6" relation="NJCT"/></mor></w>
    <t type="p"><mor type="mor"><mt type="p"/><gra type="gra" index="8" head="4" relation="PUNCT"/></mor></t>

  </u>
  <u who="CLI" uID="u99">
    <w>we<mor type="mor"><mw><pos><c>pro</c><s>sub</s></pos><stem>we</stem></mw><gra type="gra" index="1" head="3" relation="LINK"/></mor></w>
    <w type="omission">have<mor type="mor"><mw><pos><c>0aux</c></pos><stem>have</stem></mw><gra type="gra" index="2" head="3" relation="SUBJ"/></mor></w>
    <w>got<mor type="mor"><mw><pos><c>v</c></pos><stem>get</stem><mk type="sfxf">PAST</mk></mw><gra type="gra" index="3" head="0" relation="ROOT"/></mor></w>
    <w>some<mor type="mor"><mw><pos><c>qn</c></pos><stem>some</stem></mw><gra type="gra" index="4" head="5" relation="QUANT"/></mor></w>
    <w>uncle<mor type="mor"><mw><pos><c>n</c></pos><stem>uncle</stem></mw><gra type="gra" index="5" head="3" relation="OBJ"/></mor></w>
    <w>Fred<mor type="mor"><mw><pos><c>n</c><s>prop</s></pos><stem>Fred</stem></mw><gra type="gra" index="6" head="7" relation="SUBJ"/></mor></w>
    <w>pictures<mor type="mor"><mw><pos><c>v</c></pos><stem>picture</stem><mk type="sfx">3S</mk></mw><gra type="gra" index="7" head="3" relation="COMP"/></mor></w>
    <w>to<mor type="mor"><mw><pos><c>inf</c></pos><stem>to</stem></mw><gra type="gra" index="8" head="9" relation="INF"/></mor></w>
    <w>look<mor type="mor"><mw><pos><c>v</c></pos><stem>look</stem></mw><gra type="gra" index="9" head="7" relation="XCOMP"/></mor></w>
    <w>at<mor type="mor"><mw><pos><c>prep</c></pos><stem>at</stem></mw><gra type="gra" index="10" head="9" relation="JCT"/></mor></w>
    <w>yet<mor type="mor"><mw><pos><c>adv</c></pos><stem>yet</stem></mw><gra type="gra" index="11" head="10" relation="POBJ"/></mor></w>
    <t type="p"><mor type="mor"><mt type="p"/><gra type="gra" index="12" head="3" relation="PUNCT"/></mor></t>

  </u>
  <u who="CHI" uID="u100">
    <w>oh<mor type="mor"><mw><pos><c>co</c></pos><stem>oh</stem></mw><gra type="gra" index="1" head="2" relation="COM"/></mor></w>
    <w>yeah<mor type="mor"><mw><pos><c>co</c></pos><stem>yeah</stem></mw><gra type="gra" index="2" head="0" relation="INCROOT"/></mor></w>
    <t type="p"><mor type="mor"><mt type="p"/><gra type="gra" index="3" head="2" relation="PUNCT"/></mor></t>

  </u>
  <u who="CHI" uID="u101">
    <w>we<mor type="mor"><mw><pos><c>pro</c><s>sub</s></pos><stem>we</stem></mw><gra type="gra" index="1" head="3" relation="SUBJ"/></mor></w>
    <w type="omission">have<mor type="mor"><mw><pos><c>0aux</c></pos><stem>have</stem></mw><gra type="gra" index="2" head="3" relation="SUBJ"/></mor></w>
    <w>got<mor type="mor"><mw><pos><c>v</c></pos><stem>get</stem><mk type="sfxf">PAST</mk></mw><gra type="gra" index="3" head="0" relation="ROOT"/></mor></w>
    <w>them<mor type="mor"><mw><pos><c>pro</c><s>obj</s></pos><stem>them</stem></mw><gra type="gra" index="4" head="3" relation="OBJ"/></mor></w>
    <t type="p"><mor type="mor"><mt type="p"/><gra type="gra" index="5" head="3" relation="PUNCT"/></mor></t>

  </u>
  <u who="CLI" uID="u102">
    <w>remember<mor type="mor"><mw><pos><c>v</c></pos><stem>remember</stem></mw><gra type="gra" index="1" head="0" relation="ROOT"/></mor></w>
    <w>uncle<mor type="mor"><mw><pos><c>n</c></pos><stem>uncle</stem></mw><gra type="gra" index="2" head="1" relation="OBJ"/></mor></w>
    <w>Fred<mor type="mor"><mw><pos><c>n</c><s>prop</s></pos><stem>Fred</stem></mw><gra type="gra" index="3" head="2" relation="APP"/></mor></w>
    <t type="q"><mor type="mor"><mt type="q"/><gra type="gra" index="4" head="1" relation="PUNCT"/></mor></t>

  </u>
  <u who="CHI" uID="u103">
    <w>we<mor type="mor"><mw><pos><c>pro</c><s>sub</s></pos><stem>we</stem></mw><gra type="gra" index="1" head="3" relation="SUBJ"/></mor></w>
    <w type="omission">have<mor type="mor"><mw><pos><c>0aux</c></pos><stem>have</stem></mw><gra type="gra" index="2" head="3" relation="SUBJ"/></mor></w>
    <w>got<mor type="mor"><mw><pos><c>v</c></pos><stem>get</stem><mk type="sfxf">PAST</mk></mw><gra type="gra" index="3" head="0" relation="ROOT"/></mor></w>
    <w>them<mor type="mor"><mw><pos><c>pro</c><s>obj</s></pos><stem>them</stem></mw><gra type="gra" index="4" head="3" relation="OBJ"/></mor></w>
    <t type="p"><mor type="mor"><mt type="p"/><gra type="gra" index="5" head="3" relation="PUNCT"/></mor></t>

  </u>
  <u who="CLI" uID="u104">
    <w>yeah<mor type="mor"><mw><pos><c>co</c></pos><stem>yeah</stem></mw><gra type="gra" index="1" head="3" relation="COM"/></mor></w>
    <w>we<mor type="mor"><mw><pos><c>pro</c><s>sub</s></pos><stem>we</stem></mw><gra type="gra" index="2" head="3" relation="SUBJ"/></mor></w>
    <w>can't<mor type="mor"><mw><pos><c>mod</c></pos><stem>can</stem></mw><gra type="gra" index="3" head="5" relation="AUX"/><mor-post><mw><pos><c>neg</c></pos><stem>not</stem></mw><gra type="gra" index="4" head="3" relation="NEG"/></mor-post></mor></w>
    <w>forget<mor type="mor"><mw><pos><c>v</c></pos><stem>forget</stem></mw><gra type="gra" index="5" head="0" relation="ROOT"/></mor></w>
    <w>that<mor type="mor"><mw><pos><c>rel</c></pos><stem>that</stem></mw><gra type="gra" index="6" head="7" relation="MOD"/></mor></w>
    <w>guy<mor type="mor"><mw><pos><c>n</c></pos><stem>guy</stem></mw><gra type="gra" index="7" head="5" relation="OBJ"/></mor></w>
    <t type="p"><mor type="mor"><mt type="p"/><gra type="gra" index="8" head="5" relation="PUNCT"/></mor></t>

  </u>
  <u who="CLI" uID="u105">
    <w>gotta<mor type="mor"><mw><pos><c>mod</c><s>aux</s></pos><stem>gotta</stem></mw><gra type="gra" index="1" head="2" relation="AUX"/></mor></w>
    <w>get<mor type="mor"><mw><pos><c>v</c></pos><stem>get</stem></mw><gra type="gra" index="2" head="0" relation="ROOT"/></mor></w>
    <w>this<mor type="mor"><mw><pos><c>pro</c><s>dem</s></pos><stem>this</stem></mw><gra type="gra" index="3" head="2" relation="OBJ"/></mor></w>
    <w>up<mor type="mor"><mw><pos><c>adv</c></pos><stem>up</stem></mw><gra type="gra" index="4" head="2" relation="JCT"/></mor></w>
    <w>here<mor type="mor"><mw><pos><c>adv</c></pos><stem>here</stem></mw><gra type="gra" index="5" head="2" relation="JCT"/></mor></w>
    <w>too<mor type="mor"><mw><pos><c>post</c></pos><stem>too</stem></mw><gra type="gra" index="6" head="5" relation="PQ"/></mor></w>
    <t type="p"><mor type="mor"><mt type="p"/><gra type="gra" index="7" head="2" relation="PUNCT"/></mor></t>

  </u>
  <u who="CLI" uID="u106">
    <w>we<mor type="mor"><mw><pos><c>pro</c><s>sub</s></pos><stem>we</stem></mw><gra type="gra" index="1" head="4" relation="SUBJ"/></mor></w>
    <w>can't<mor type="mor"><mw><pos><c>mod</c></pos><stem>can</stem></mw><gra type="gra" index="2" head="4" relation="AUX"/><mor-post><mw><pos><c>neg</c></pos><stem>not</stem></mw><gra type="gra" index="3" head="2" relation="NEG"/></mor-post></mor></w>
    <w>forget<mor type="mor"><mw><pos><c>v</c></pos><stem>forget</stem></mw><gra type="gra" index="4" head="0" relation="ROOT"/></mor></w>
    <w>uncle<mor type="mor"><mw><pos><c>n</c></pos><stem>uncle</stem></mw><gra type="gra" index="5" head="4" relation="OBJ"/></mor></w>
    <w>Fred<mor type="mor"><mw><pos><c>n</c><s>prop</s></pos><stem>Fred</stem></mw><gra type="gra" index="6" head="4" relation="JCT"/></mor></w>
    <t type="p"><mor type="mor"><mt type="p"/><gra type="gra" index="7" head="4" relation="PUNCT"/></mor></t>

  </u>
  <u who="CHI" uID="u107">
    <w>I<mor type="mor"><mw><pos><c>pro</c><s>sub</s></pos><stem>I</stem></mw><gra type="gra" index="1" head="2" relation="SUBJ"/></mor></w>
    <w>forgot<mor type="mor"><mw><pos><c>v</c></pos><stem>forget</stem><mk type="sfxf">PAST</mk></mw><gra type="gra" index="2" head="0" relation="ROOT"/></mor></w>
    <w type="omission">to<mor type="mor"><mw><pos><c>0inf</c></pos><stem>to</stem></mw><gra type="gra" index="3" head="4" relation="INF"/></mor></w>
    <w>flip<mor type="mor"><mw><pos><c>v</c></pos><stem>flip</stem></mw><gra type="gra" index="4" head="2" relation="COMP"/></mor></w>
    <w>these<mor type="mor"><mw><pos><c>det</c></pos><stem>these</stem></mw><gra type="gra" index="5" head="6" relation="DET"/></mor></w>
    <w>over<mor type="mor"><mw><pos><c>adv</c></pos><stem>over</stem></mw><gra type="gra" index="6" head="4" relation="JCT"/></mor></w>
    <t type="p"><mor type="mor"><mt type="p"/><gra type="gra" index="7" head="2" relation="PUNCT"/></mor></t>

  </u>
  <u who="CHI" uID="u108">
    <w>I<mor type="mor"><mw><pos><c>pro</c><s>sub</s></pos><stem>I</stem></mw><gra type="gra" index="1" head="2" relation="SUBJ"/></mor></w>
    <w>put<mor type="mor"><mw><pos><c>v</c></pos><stem>put</stem><mk type="sfxf">ZERO</mk></mw><gra type="gra" index="2" head="0" relation="ROOT"/></mor></w>
    <w>my<mor type="mor"><mw><pos><c>pro</c><s>poss</s><s>det</s></pos><stem>my</stem></mw><gra type="gra" index="3" head="4" relation="MOD"/></mor></w>
    <w>cars<mor type="mor"><mw><pos><c>n</c></pos><stem>car</stem><mk type="sfx">PL</mk></mw><gra type="gra" index="4" head="2" relation="OBJ"/></mor></w>
    <w>in<mor type="mor"><mw><pos><c>adv</c></pos><stem>in</stem></mw><gra type="gra" index="5" head="2" relation="JCT"/></mor></w>
    <t type="p"><mor type="mor"><mt type="p"/><gra type="gra" index="6" head="2" relation="PUNCT"/></mor></t>

  </u>
  <u who="CLI" uID="u109">
    <w>yep<mor type="mor"><mw><pos><c>co</c></pos><stem>yep</stem></mw><gra type="gra" index="1" head="4" relation="COM"/></mor></w>
    <w>can't<mor type="mor"><mw><pos><c>mod</c></pos><stem>can</stem></mw><gra type="gra" index="2" head="4" relation="AUX"/><mor-post><mw><pos><c>neg</c></pos><stem>not</stem></mw><gra type="gra" index="3" head="2" relation="NEG"/></mor-post></mor></w>
    <w>forget<mor type="mor"><mw><pos><c>v</c></pos><stem>forget</stem></mw><gra type="gra" index="4" head="0" relation="ROOT"/></mor></w>
    <w>them<mor type="mor"><mw><pos><c>pro</c><s>obj</s></pos><stem>them</stem></mw><gra type="gra" index="5" head="4" relation="OBJ"/></mor></w>
    <w>either<mor type="mor"><mw><pos><c>adv</c></pos><stem>either</stem></mw><gra type="gra" index="6" head="4" relation="JCT"/></mor></w>
    <t type="p"><mor type="mor"><mt type="p"/><gra type="gra" index="7" head="4" relation="PUNCT"/></mor></t>

  </u>
  <u who="CLI" uID="u110">
    <w>okay<mor type="mor"><mw><pos><c>co</c></pos><stem>okay</stem></mw><gra type="gra" index="1" head="4" relation="COM"/></mor></w>
    <w>we<mor type="mor"><mw><pos><c>pro</c><s>sub</s></pos><stem>we</stem></mw><gra type="gra" index="2" head="4" relation="SUBJ"/></mor></w>
    <w>gotta<mor type="mor"><mw><pos><c>mod</c><s>aux</s></pos><stem>gotta</stem></mw><gra type="gra" index="3" head="4" relation="AUX"/></mor></w>
    <w>get<mor type="mor"><mw><pos><c>v</c></pos><stem>get</stem></mw><gra type="gra" index="4" head="0" relation="ROOT"/></mor></w>
    <w>this<mor type="mor"><mw><pos><c>pro</c><s>dem</s></pos><stem>this</stem></mw><gra type="gra" index="5" head="4" relation="OBJ"/></mor></w>
    <w>for<mor type="mor"><mw><pos><c>prep</c></pos><stem>for</stem></mw><gra type="gra" index="6" head="4" relation="JCT"/></mor></w>
    <w>Fred<mor type="mor"><mw><pos><c>n</c><s>prop</s></pos><stem>Fred</stem></mw><gra type="gra" index="7" head="6" relation="POBJ"/></mor></w>
    <w>here<mor type="mor"><mw><pos><c>adv</c></pos><stem>here</stem></mw><gra type="gra" index="8" head="7" relation="JCT"/></mor></w>
    <t type="p"><mor type="mor"><mt type="p"/><gra type="gra" index="9" head="4" relation="PUNCT"/></mor></t>

  </u>
  <u who="CLI" uID="u111">
    <w>I<mor type="mor"><mw><pos><c>pro</c><s>sub</s></pos><stem>I</stem></mw><gra type="gra" index="1" head="3" relation="SUBJ"/></mor></w>
    <w>almost<mor type="mor"><mw><pos><c>adv</c></pos><stem>almost</stem></mw><gra type="gra" index="2" head="3" relation="JCT"/></mor></w>
    <w>forgot<mor type="mor"><mw><pos><c>v</c></pos><stem>forget</stem><mk type="sfxf">PAST</mk></mw><gra type="gra" index="3" head="0" relation="ROOT"/></mor></w>
    <w>about<mor type="mor"><mw><pos><c>prep</c></pos><stem>about</stem></mw><gra type="gra" index="4" head="3" relation="JCT"/></mor></w>
    <w>uncle<mor type="mor"><mw><pos><c>n</c></pos><stem>uncle</stem></mw><gra type="gra" index="5" head="4" relation="POBJ"/></mor></w>
    <w>Fred<mor type="mor"><mw><pos><c>n</c><s>prop</s></pos><stem>Fred</stem></mw><gra type="gra" index="6" head="5" relation="APP"/></mor></w>
    <t type="p"><mor type="mor"><mt type="p"/><gra type="gra" index="7" head="3" relation="PUNCT"/></mor></t>

  </u>
  <u who="CLI" uID="u112">
    <w>you've<mor type="mor"><mw><pos><c>pro</c></pos><stem>you</stem></mw><gra type="gra" index="1" head="2" relation="SUBJ"/><mor-post><mw><pos><c>aux</c></pos><stem>have</stem></mw><gra type="gra" index="2" head="5" relation="SUBJ"/></mor-post></mor></w>
    <w>been<mor type="mor"><mw><pos><c>aux</c></pos><stem>be</stem><mk type="sfxf">PASTP</mk></mw><gra type="gra" index="3" head="5" relation="AUX"/></mor></w>
    <w>pretty<mor type="mor"><mw><pos><c>adj</c></pos><stem>pretty</stem></mw><gra type="gra" index="4" head="5" relation="MOD"/></mor></w>
    <w>busy<mor type="mor"><mw><pos><c>adj</c></pos><stem>busy</stem></mw><gra type="gra" index="5" head="0" relation="ROOT"/></mor></w>
    <t type="p"><mor type="mor"><mt type="p"/><gra type="gra" index="6" head="5" relation="PUNCT"/></mor></t>

  </u>
</CHAT>