<?xml version="1.0" encoding="UTF-8"?>

<CHAT xmlns:xsi="http://www.w3.org/2001/XMLSchema-instance"
      xmlns="http://www.talkbank.org/ns/talkbank"
      xsi:schemaLocation="http://www.talkbank.org/ns/talkbank http://talkbank.org/software/talkbank.xsd"
      PID="11312/c-00004935-1"
      Version="2.1.0"
      Lang="eng"
      Corpus="Conti4"
      Date="2002-10-02">
  <Participants>
    <participant
      id="INV"
    name="Dee"
      role="Investigator"
      language="eng"

    />
    <participant
      id="CHI"
      role="Target_Child"
      language="eng"
      age="P13Y6M1D"

    />
  </Participants>
  <comment type="Date">02-OCT-2002</comment>
  <comment type="Transcriber">Dee</comment>
  <comment type="Situation">Participants were in a quiet room at school. Question asked: who is the most annoying person you know and give reasons?</comment>
  <u who="INV" uID="u0">
    <w type="fragment" untranscribed="untranscribed">www</w>
    <t type="p"></t>

    <a type="explanation">child and investigator talk briefly before narrative begins .</a>
  </u>
  <u who="CHI" uID="u1">
    <w>sometimes<mor type="mor"><mw><pos><c>adv</c></pos><stem>sometimes</stem></mw></mor></w>
    <w>they<mor type="mor"><mw><pos><c>pro</c><s>sub</s></pos><stem>they</stem></mw></mor></w>
    <w>lie<mor type="mor"><mw><pos><c>v</c></pos><stem>lie</stem></mw></mor></w>
    <t type="p"><mor type="mor"><mt type="p"/></mor></t>

  </u>
  <u who="CHI" uID="u2">
    <w>and<mor type="mor"><mw><pos><c>coord</c></pos><stem>and</stem></mw></mor></w>
    <w type="fragment">um</w>
    <w>they<mor type="mor"><mw><pos><c>pro</c><s>sub</s></pos><stem>they</stem></mw></mor></w>
    <w>go<mor type="mor"><mw><pos><c>v</c></pos><stem>go</stem></mw></mor></w>
    <w>off<mor type="mor"><mw><pos><c>adv</c></pos><stem>off</stem></mw></mor></w>
    <w>with<mor type="mor"><mw><pos><c>prep</c></pos><stem>with</stem></mw></mor></w>
    <w>other<mor type="mor"><mw><pos><c>qn</c></pos><stem>other</stem></mw></mor></w>
    <w>people<mor type="mor"><mw><pos><c>n</c></pos><stem>person</stem><mk type="sfxf">PL</mk></mw></mor></w>
    <w>and<mor type="mor"><mw><pos><c>coord</c></pos><stem>and</stem></mw></mor></w>
    <w>leave<mor type="mor"><mw><pos><c>v</c></pos><stem>leave</stem></mw></mor></w>
    <w>me<mor type="mor"><mw><pos><c>pro</c><s>obj</s></pos><stem>me</stem></mw></mor></w>
    <w>out<mor type="mor"><mw><pos><c>adv</c></pos><stem>out</stem></mw></mor></w>
    <w>sometimes<mor type="mor"><mw><pos><c>adv</c></pos><stem>sometimes</stem></mw></mor></w>
    <t type="p"><mor type="mor"><mt type="p"/></mor></t>

  </u>
  <u who="INV" uID="u3">
    <w>is<mor type="mor"><mw><pos><c>aux</c></pos><stem>be</stem><mk type="sfxf">3S</mk></mw></mor></w>
    <w>it<mor type="mor"><mw><pos><c>pro</c></pos><stem>it</stem></mw></mor></w>
    <w>a<mor type="mor"><mw><pos><c>art</c></pos><stem>a</stem></mw></mor></w>
    <w>girl<mor type="mor"><mw><pos><c>n</c></pos><stem>girl</stem></mw></mor></w>
    <w>or<mor type="mor"><mw><pos><c>coord</c></pos><stem>or</stem></mw></mor></w>
    <w>a<mor type="mor"><mw><pos><c>art</c></pos><stem>a</stem></mw></mor></w>
    <w>boy<mor type="mor"><mw><pos><c>n</c></pos><stem>boy</stem></mw></mor></w>
    <t type="q"><mor type="mor"><mt type="q"/></mor></t>

  </u>
  <u who="CHI" uID="u4">
    <w>it's<mor type="mor"><mw><pos><c>pro</c></pos><stem>it</stem></mw><mor-post><mw><pos><c>cop</c></pos><stem>be</stem><mk type="sfxf">3S</mk></mw></mor-post></mor></w>
    <w>a<mor type="mor"><mw><pos><c>art</c></pos><stem>a</stem></mw></mor></w>
    <w>girl<mor type="mor"><mw><pos><c>n</c></pos><stem>girl</stem></mw></mor></w>
    <t type="p"><mor type="mor"><mt type="p"/></mor></t>

  </u>
  <u who="INV" uID="u5">
    <w>it's<mor type="mor"><mw><pos><c>pro</c></pos><stem>it</stem></mw><mor-post><mw><pos><c>cop</c></pos><stem>be</stem><mk type="sfxf">3S</mk></mw></mor-post></mor></w>
    <w>a<mor type="mor"><mw><pos><c>art</c></pos><stem>a</stem></mw></mor></w>
    <w>girl<mor type="mor"><mw><pos><c>n</c></pos><stem>girl</stem></mw></mor></w>
    <t type="p"><mor type="mor"><mt type="p"/></mor></t>

  </u>
  <u who="INV" uID="u6">
    <w>so<mor type="mor"><mw><pos><c>co</c></pos><stem>so</stem></mw></mor></w>
    <w>she<mor type="mor"><mw><pos><c>pro</c><s>sub</s></pos><stem>she</stem></mw></mor></w>
    <w>goes<mor type="mor"><mw><pos><c>v</c></pos><stem>go</stem><mk type="sfx">3S</mk></mw></mor></w>
    <w>off<mor type="mor"><mw><pos><c>adv</c></pos><stem>off</stem></mw></mor></w>
    <w>with<mor type="mor"><mw><pos><c>prep</c></pos><stem>with</stem></mw></mor></w>
    <w>people<mor type="mor"><mw><pos><c>n</c></pos><stem>person</stem><mk type="sfxf">PL</mk></mw></mor></w>
    <t type="p"><mor type="mor"><mt type="p"/></mor></t>

  </u>
  <u who="CHI" uID="u7">
    <w>yeah<mor type="mor"><mw><pos><c>co</c></pos><stem>yeah</stem></mw></mor></w>
    <t type="p"><mor type="mor"><mt type="p"/></mor></t>

  </u>
  <u who="CHI" uID="u8">
    <w>and<mor type="mor"><mw><pos><c>coord</c></pos><stem>and</stem></mw></mor></w>
    <w>sometimes<mor type="mor"><mw><pos><c>adv</c></pos><stem>sometimes</stem></mw></mor></w>
    <w>she<mor type="mor"><mw><pos><c>pro</c><s>sub</s></pos><stem>she</stem></mw></mor></w>
    <w>tells<mor type="mor"><mw><pos><c>v</c></pos><stem>tell</stem><mk type="sfx">3S</mk></mw></mor></w>
    <w>me<mor type="mor"><mw><pos><c>pro</c><s>obj</s></pos><stem>me</stem></mw></mor></w>
    <w>things<mor type="mor"><mw><pos><c>n</c></pos><stem>thing</stem><mk type="sfx">PL</mk></mw></mor></w>
    <t type="p"><mor type="mor"><mt type="p"/></mor></t>

  </u>
  <u who="CHI" uID="u9">
    <w>and<mor type="mor"><mw><pos><c>coord</c></pos><stem>and</stem></mw></mor></w>
    <w>they're<mor type="mor"><mw><pos><c>pro</c><s>sub</s></pos><stem>they</stem></mw><mor-post><mw><pos><c>cop</c></pos><stem>be</stem><mk type="sfxf">PRES</mk></mw></mor-post></mor></w>
    <w>not<mor type="mor"><mw><pos><c>neg</c></pos><stem>not</stem></mw></mor></w>
    <w>the<mor type="mor"><mw><pos><c>art</c></pos><stem>the</stem></mw></mor></w>
    <w>truth<mor type="mor"><mw><pos><c>n</c></pos><stem>truth</stem></mw></mor></w>
    <t type="p"><mor type="mor"><mt type="p"/></mor></t>

  </u>
  <u who="CHI" uID="u10">
    <w>so<mor type="mor"><mw><pos><c>co</c></pos><stem>so</stem></mw></mor></w>
    <w>she<mor type="mor"><mw><pos><c>pro</c><s>sub</s></pos><stem>she</stem></mw></mor></w>
    <w>lies<mor type="mor"><mw><pos><c>v</c></pos><stem>lie</stem><mk type="sfx">3S</mk></mw></mor></w>
    <w>again<mor type="mor"><mw><pos><c>adv</c></pos><stem>again</stem></mw></mor></w>
    <t type="p"><mor type="mor"><mt type="p"/></mor></t>

  </u>
  <u who="CHI" uID="u11">
    <w type="fragment">um</w>
    <t type="p"></t>

  </u>
  <u who="INV" uID="u12">
    <w>that's<mor type="mor"><mw><pos><c>pro</c><s>dem</s></pos><stem>that</stem></mw><mor-post><mw><pos><c>cop</c></pos><stem>be</stem><mk type="sfxf">3S</mk></mw></mor-post></mor></w>
    <w>fine<mor type="mor"><mw><pos><c>adj</c></pos><stem>fine</stem></mw></mor></w>
    <t type="p"><mor type="mor"><mt type="p"/></mor></t>

  </u>
  <u who="CHI" uID="u13">
    <w>sometimes<mor type="mor"><mw><pos><c>adv</c></pos><stem>sometimes</stem></mw></mor></w>
    <w>she's<mor type="mor"><mw><pos><c>pro</c><s>sub</s></pos><stem>she</stem></mw><mor-post><mw><pos><c>aux</c></pos><stem>be</stem><mk type="sfxf">3S</mk></mw></mor-post></mor></w>
    <w>really<mor type="mor"><mw><pos><c>adv</c></pos><stem>real</stem><mk type="sfxf">dadj</mk><mk type="sfx">LY</mk></mw></mor></w>
    <w>annoying<mor type="mor"><mw><pos><c>part</c></pos><stem>annoy</stem><mk type="sfx">PRESP</mk></mw></mor></w>
    <w>as<mor type="mor"><mw><pos><c>adv</c></pos><stem>as</stem></mw></mor></w>
    <w>well<mor type="mor"><mw><pos><c>adv</c></pos><stem>well</stem></mw></mor></w>
    <t type="p"><mor type="mor"><mt type="p"/></mor></t>

  </u>
  <u who="INV" uID="u14">
    <w>yeah<mor type="mor"><mw><pos><c>co</c></pos><stem>yeah</stem></mw></mor></w>
    <t type="p"><mor type="mor"><mt type="p"/></mor></t>

  </u>
  <u who="INV" uID="u15">
    <w>what<mor type="mor"><mw><pos><c>pro</c><s>wh</s></pos><stem>what</stem></mw></mor></w>
    <w>does<mor type="mor"><mw><pos><c>v</c></pos><stem>do</stem><mk type="sfxf">3S</mk></mw></mor></w>
    <w>she<mor type="mor"><mw><pos><c>pro</c><s>sub</s></pos><stem>she</stem></mw></mor></w>
    <w>do<mor type="mor"><mw><pos><c>v</c></pos><stem>do</stem></mw></mor></w>
    <w>that<mor type="mor"><mw><pos><c>rel</c></pos><stem>that</stem></mw></mor></w>
    <w>is<mor type="mor"><mw><pos><c>aux</c></pos><stem>be</stem><mk type="sfxf">3S</mk></mw></mor></w>
    <w>annoying<mor type="mor"><mw><pos><c>part</c></pos><stem>annoy</stem><mk type="sfx">PRESP</mk></mw></mor></w>
    <t type="q"><mor type="mor"><mt type="q"/></mor></t>

  </u>
  <u who="CHI" uID="u16">
    <w>well<mor type="mor"><mw><pos><c>adv</c></pos><stem>well</stem></mw></mor></w>
    <w>basically<mor type="mor"><mw><pos><c>adv</c></pos><stem>basic</stem><mk type="sfxf">dadj</mk><mk type="sfx">AL</mk><mk type="sfx">LY</mk></mw></mor></w>
    <w>lie<mor type="mor"><mw><pos><c>n</c></pos><stem>lie</stem></mw></mor></w>
    <w>and<mor type="mor"><mw><pos><c>coord</c></pos><stem>and</stem></mw></mor></w>
    <w>just<mor type="mor"><mw><pos><c>adv</c></pos><stem>just</stem></mw></mor></w>
    <w>like<mor type="mor"><mw><pos><c>prep</c></pos><stem>like</stem></mw></mor></w>
    <w>go<mor type="mor"><mw><pos><c>v</c></pos><stem>go</stem></mw></mor></w>
    <w>off<mor type="mor"><mw><pos><c>adv</c></pos><stem>off</stem></mw></mor></w>
    <w>with<mor type="mor"><mw><pos><c>prep</c></pos><stem>with</stem></mw></mor></w>
    <w>people<mor type="mor"><mw><pos><c>n</c></pos><stem>person</stem><mk type="sfxf">PL</mk></mw></mor></w>
    <w>again<mor type="mor"><mw><pos><c>adv</c></pos><stem>again</stem></mw></mor></w>
    <t type="p"><mor type="mor"><mt type="p"/></mor></t>

  </u>
  <u who="INV" uID="u17">
    <w type="fragment" untranscribed="untranscribed">www</w>
    <t type="p"></t>

    <a type="explanation">investigator talks as disc is turned off .</a>
  </u>
</CHAT>