<?xml version="1.0" encoding="UTF-8"?>

<CHAT xmlns:xsi="http://www.w3.org/2001/XMLSchema-instance"
      xmlns="http://www.talkbank.org/ns/talkbank"
      xsi:schemaLocation="http://www.talkbank.org/ns/talkbank http://talkbank.org/software/talkbank.xsd"
      PID="11312/c-00004948-1"
      Version="2.1.0"
      Lang="eng"
      Corpus="Conti4"
      Date="2002-10-03">
  <Participants>
    <participant
      id="INV"
    name="Dee"
      role="Investigator"
      language="eng"

    />
    <participant
      id="CHI"
      role="Target_Child"
      language="eng"
      age="P13Y4M28D"

    />
  </Participants>
  <comment type="Date">03-OCT-2002</comment>
  <comment type="Transcriber">Dee</comment>
  <comment type="Situation">Participants were in a quiet room at school. Question asked: who is the most annoying person you know and give reasons?</comment>
  <u who="INV" uID="u0">
    <w type="fragment" untranscribed="untranscribed">www</w>
    <t type="p"></t>

    <a type="explanation">child and investigator talk briefly before narrative begins .</a>
  </u>
  <u who="CHI" uID="u1">
    <w>my<mor type="mor"><mw><pos><c>pro</c><s>poss</s><s>det</s></pos><stem>my</stem></mw></mor></w>
    <w>dad<mor type="mor"><mw><pos><c>n</c></pos><stem>dad</stem></mw></mor></w>
    <tagMarker type="comma"><mor type="mor"><mw><pos><c>cm</c></pos><stem>cm</stem></mw></mor></tagMarker>
    <w>because<mor type="mor"><mw><pos><c>conj</c></pos><stem>because</stem></mw></mor></w>
    <w>he's<mor type="mor"><mw><pos><c>pro</c><s>sub</s></pos><stem>he</stem></mw><mor-post><mw><pos><c>aux</c></pos><stem>be</stem><mk type="sfxf">3S</mk></mw></mor-post></mor></w>
    <w>always<mor type="mor"><mw><pos><c>adv</c></pos><stem>always</stem></mw></mor></w>
    <w>shouting<mor type="mor"><mw><pos><c>part</c></pos><stem>shout</stem><mk type="sfx">PRESP</mk></mw></mor></w>
    <w>at<mor type="mor"><mw><pos><c>prep</c></pos><stem>at</stem></mw></mor></w>
    <w>me<mor type="mor"><mw><pos><c>pro</c><s>obj</s></pos><stem>me</stem></mw></mor></w>
    <tagMarker type="comma"><mor type="mor"><mw><pos><c>cm</c></pos><stem>cm</stem></mw></mor></tagMarker>
    <w>always<mor type="mor"><mw><pos><c>adv</c></pos><stem>always</stem></mw></mor></w>
    <w>telling<mor type="mor"><mw><pos><c>part</c></pos><stem>tell</stem><mk type="sfx">PRESP</mk></mw></mor></w>
    <w>me<mor type="mor"><mw><pos><c>pro</c><s>obj</s></pos><stem>me</stem></mw></mor></w>
    <w>to<mor type="mor"><mw><pos><c>inf</c></pos><stem>to</stem></mw></mor></w>
    <w type="fragment">um</w>
    <w>get<mor type="mor"><mw><pos><c>v</c></pos><stem>get</stem></mw></mor></w>
    <w>off<mor type="mor"><mw><pos><c>prep</c></pos><stem>off</stem></mw></mor></w>
    <w>the<mor type="mor"><mw><pos><c>art</c></pos><stem>the</stem></mw></mor></w>
    <w>tellie<mor type="mor"><mw><pos><c>n</c></pos><stem>tellie</stem></mw></mor></w>
    <w>and<mor type="mor"><mw><pos><c>coord</c></pos><stem>and</stem></mw></mor></w>
    <w type="fragment">um</w>
    <w>sending<mor type="mor"><mw><pos><c>part</c></pos><stem>send</stem><mk type="sfx">PRESP</mk></mw></mor></w>
    <w>me<mor type="mor"><mw><pos><c>pro</c><s>obj</s></pos><stem>me</stem></mw></mor></w>
    <w>to<mor type="mor"><mw><pos><c>prep</c></pos><stem>to</stem></mw></mor></w>
    <w>my<mor type="mor"><mw><pos><c>pro</c><s>poss</s><s>det</s></pos><stem>my</stem></mw></mor></w>
    <w>room<mor type="mor"><mw><pos><c>n</c></pos><stem>room</stem></mw></mor></w>
    <w>when<mor type="mor"><mw><pos><c>conj</c></pos><stem>when</stem></mw></mor></w>
    <w>I<mor type="mor"><mw><pos><c>pro</c><s>sub</s></pos><stem>I</stem></mw></mor></w>
    <w>haven't<mor type="mor"><mw><pos><c>aux</c></pos><stem>have</stem></mw><mor-post><mw><pos><c>neg</c></pos><stem>not</stem></mw></mor-post></mor></w>
    <w>done<mor type="mor"><mw><pos><c>part</c></pos><stem>do</stem><mk type="sfxf">PASTP</mk></mw></mor></w>
    <w>anything<mor type="mor"><mw><pos><c>pro</c><s>indef</s></pos><stem>anything</stem></mw></mor></w>
    <t type="p"><mor type="mor"><mt type="p"/></mor></t>

  </u>
  <u who="CHI" uID="u2">
    <w>to<mor type="mor"><mw><pos><c>inf</c></pos><stem>to</stem></mw></mor></w>
    <w>do<mor type="mor"><mw><pos><c>v</c></pos><stem>do</stem></mw></mor></w>
    <w>my<mor type="mor"><mw><pos><c>pro</c><s>poss</s><s>det</s></pos><stem>my</stem></mw></mor></w>
    <w>homework<mor type="mor"><mwc><pos><c>n</c></pos><mw><pos><c>n</c></pos><stem>home</stem></mw><mw><pos><c>n</c></pos><stem>work</stem></mw></mwc></mor></w>
    <w>really<mor type="mor"><mw><pos><c>adv</c></pos><stem>real</stem><mk type="sfxf">dadj</mk><mk type="sfx">LY</mk></mw></mor></w>
    <tagMarker type="comma"><mor type="mor"><mw><pos><c>cm</c></pos><stem>cm</stem></mw></mor></tagMarker>
    <w>when<mor type="mor"><mw><pos><c>adv</c><s>wh</s></pos><stem>when</stem></mw></mor></w>
    <w>I<mor type="mor"><mw><pos><c>pro</c><s>sub</s></pos><stem>I</stem></mw></mor></w>
    <w>get<mor type="mor"><mw><pos><c>v</c></pos><stem>get</stem></mw></mor></w>
    <w>home<mor type="mor"><mw><pos><c>n</c></pos><stem>home</stem></mw></mor></w>
    <w>from<mor type="mor"><mw><pos><c>prep</c></pos><stem>from</stem></mw></mor></w>
    <w>school<mor type="mor"><mw><pos><c>n</c></pos><stem>school</stem></mw></mor></w>
    <t type="p"><mor type="mor"><mt type="p"/></mor></t>

  </u>
  <u who="CHI" uID="u3">
    <w>and<mor type="mor"><mw><pos><c>coord</c></pos><stem>and</stem></mw></mor></w>
    <w>all<mor type="mor"><mw><pos><c>pro</c><s>indef</s></pos><stem>all</stem></mw></mor></w>
    <w>he<mor type="mor"><mw><pos><c>pro</c><s>sub</s></pos><stem>he</stem></mw></mor></w>
    <w>does<mor type="mor"><mw><pos><c>v</c></pos><stem>do</stem><mk type="sfxf">3S</mk></mw></mor></w>
    <w>is<mor type="mor"><mw><pos><c>aux</c></pos><stem>be</stem><mk type="sfxf">3S</mk></mw></mor></w>
    <w type="fragment">um</w>
    <w>drink<mor type="mor"><mw><pos><c>n</c></pos><stem>drink</stem></mw></mor></w>
    <w>beer<mor type="mor"><mw><pos><c>n</c></pos><stem>beer</stem></mw></mor></w>
    <w>and<mor type="mor"><mw><pos><c>coord</c></pos><stem>and</stem></mw></mor></w>
    <w>watch<mor type="mor"><mw><pos><c>n</c></pos><stem>watch</stem></mw></mor></w>
    <w>tellie<mor type="mor"><mw><pos><c>n</c></pos><stem>tellie</stem></mw></mor></w>
    <t type="p"><mor type="mor"><mt type="p"/></mor></t>

  </u>
  <u who="CHI" uID="u4">
    <w>twenty<mor type="mor"><mw><pos><c>det</c><s>num</s></pos><stem>twenty</stem></mw></mor></w>
    <w>four<mor type="mor"><mw><pos><c>det</c><s>num</s></pos><stem>four</stem></mw></mor></w>
    <w>hour<mor type="mor"><mw><pos><c>n</c></pos><stem>hour</stem></mw></mor></w>
    <w>news<mor type="mor"><mw><pos><c>n</c></pos><stem>news</stem></mw></mor></w>
    <t type="p"><mor type="mor"><mt type="p"/></mor></t>

  </u>
  <u who="INV" uID="u5">
    <w type="fragment" untranscribed="untranscribed">www</w>
    <t type="p"></t>

    <a type="explanation">investigator talks as disc is turned off .</a>
  </u>
</CHAT>