<?xml version="1.0" encoding="UTF-8"?>

<CHAT xmlns:xsi="http://www.w3.org/2001/XMLSchema-instance"
      xmlns="http://www.talkbank.org/ns/talkbank"
      xsi:schemaLocation="http://www.talkbank.org/ns/talkbank http://talkbank.org/software/talkbank.xsd"
      PID="11312/c-00004924-1"
      Version="2.1.0"
      Lang="eng"
      Corpus="Conti4"
      Date="2001-07-16">
  <Participants>
    <participant
      id="INV"
    name="Dee"
      role="Investigator"
      language="eng"

    />
    <participant
      id="CHI"
      role="Target_Child"
      language="eng"
      age="P13Y11M7D"

    />
  </Participants>
  <comment type="Date">16-JUL-2001</comment>
  <comment type="Transcriber">Dee</comment>
  <comment type="Situation">Participants were in a quiet room at school. Question asked: who is the most annoying person you know and give reasons?</comment>
  <u who="INV" uID="u0">
    <w type="fragment" untranscribed="untranscribed">www</w>
    <t type="p"></t>

    <a type="explanation">child and investigator talk briefly before narrative begins .</a>
  </u>
  <u who="CHI" uID="u1">
    <w>he<mor type="mor"><mw><pos><c>pro</c><s>sub</s></pos><stem>he</stem></mw></mor></w>
    <w>mucks<mor type="mor"><mw><pos><c>v</c></pos><stem>muck</stem><mk type="sfx">3S</mk></mw></mor></w>
    <w>around<mor type="mor"><mw><pos><c>adv</c></pos><stem>around</stem></mw></mor></w>
    <t type="p"><mor type="mor"><mt type="p"/></mor></t>

  </u>
  <u who="CHI" uID="u2">
    <g><w>he</w><k type="retracing"/></g>
    <w>he<mor type="mor"><mw><pos><c>pro</c><s>sub</s></pos><stem>he</stem></mw></mor></w>
    <w>shouts<mor type="mor"><mw><pos><c>v</c></pos><stem>shout</stem><mk type="sfx">3S</mk></mw></mor></w>
    <w>all<mor type="mor"><mw><pos><c>adv</c></pos><stem>all</stem></mw></mor></w>
    <w>time<mor type="mor"><mw><pos><c>n</c></pos><stem>time</stem></mw></mor></w>
    <t type="p"><mor type="mor"><mt type="p"/></mor></t>

  </u>
  <u who="CHI" uID="u3">
    <w>he<mor type="mor"><mw><pos><c>pro</c><s>sub</s></pos><stem>he</stem></mw></mor></w>
    <w>does<mor type="mor"><mw><pos><c>v</c></pos><stem>do</stem><mk type="sfxf">3S</mk></mw></mor></w>
    <w>stupid<mor type="mor"><mw><pos><c>adj</c></pos><stem>stupid</stem></mw></mor></w>
    <w>things<mor type="mor"><mw><pos><c>n</c></pos><stem>thing</stem><mk type="sfx">PL</mk></mw></mor></w>
    <t type="p"><mor type="mor"><mt type="p"/></mor></t>

  </u>
  <u who="CHI" uID="u4">
    <w>he<mor type="mor"><mw><pos><c>pro</c><s>sub</s></pos><stem>he</stem></mw></mor></w>
    <g><w>dazes<mor type="mor"><mw><pos><c>v</c></pos><stem>daze</stem><mk type="sfx">3S</mk></mw></mor></w><error/></g>
    <t type="p"><mor type="mor"><mt type="p"/></mor></t>

    <a type="errcoding">dazes = ?</a>
  </u>
  <u who="CHI" uID="u5">
    <w>and<mor type="mor"><mw><pos><c>coord</c></pos><stem>and</stem></mw></mor></w>
    <w>everyone<mor type="mor"><mw><pos><c>pro</c><s>indef</s></pos><stem>everyone</stem></mw></mor></w>
    <w>laughs<mor type="mor"><mw><pos><c>v</c></pos><stem>laugh</stem><mk type="sfx">3S</mk></mw></mor></w>
    <w>at<mor type="mor"><mw><pos><c>prep</c></pos><stem>at</stem></mw></mor></w>
    <w>him<mor type="mor"><mw><pos><c>pro</c><s>obj</s></pos><stem>him</stem></mw></mor></w>
    <t type="p"><mor type="mor"><mt type="p"/></mor></t>

  </u>
  <u who="CHI" uID="u6">
    <w>everyone<mor type="mor"><mw><pos><c>pro</c><s>indef</s></pos><stem>everyone</stem></mw></mor></w>
    <w>thinks<mor type="mor"><mw><pos><c>v</c></pos><stem>think</stem><mk type="sfx">3S</mk></mw></mor></w>
    <w>he's<mor type="mor"><mw><pos><c>pro</c><s>sub</s></pos><stem>he</stem></mw><mor-post><mw><pos><c>aux</c></pos><stem>be</stem><mk type="sfxf">3S</mk></mw></mor-post></mor></w>
    <w>the<mor type="mor"><mw><pos><c>art</c></pos><stem>the</stem></mw></mor></w>
    <w>class<mor type="mor"><mw><pos><c>n</c></pos><stem>class</stem></mw></mor></w>
    <w>joker<mor type="mor"><mw><pos><c>n</c></pos><stem>joke</stem><mk type="sfxf">dv</mk><mk type="sfx">AGT</mk></mw></mor></w>
    <t type="p"><mor type="mor"><mt type="p"/></mor></t>

  </u>
  <u who="CHI" uID="u7">
    <g><w>he</w><k type="retracing"/></g>
    <pause symbolic-length="simple"/>
    <w>he<mor type="mor"><mw><pos><c>pro</c><s>sub</s></pos><stem>he</stem></mw></mor></w>
    <w>shouts<mor type="mor"><mw><pos><c>v</c></pos><stem>shout</stem><mk type="sfx">3S</mk></mw></mor></w>
    <w>a<mor type="mor"><mw><pos><c>art</c></pos><stem>a</stem></mw></mor></w>
    <w>lot<mor type="mor"><mw><pos><c>n</c></pos><stem>lot</stem></mw></mor></w>
    <t type="p"><mor type="mor"><mt type="p"/></mor></t>

  </u>
  <u who="CHI" uID="u8">
    <w>he<mor type="mor"><mw><pos><c>pro</c><s>sub</s></pos><stem>he</stem></mw></mor></w>
    <w>says<mor type="mor"><mw><pos><c>v</c></pos><stem>say</stem><mk type="sfx">3S</mk></mw></mor></w>
    <t type="quotation next line"><mor type="mor"><mt type="quotation next line"/></mor></t>

  </u>
  <u who="CHI" uID="u9">
    <linker type="quoted utterance next"/>
    <w>what<mor type="mor"><mw><pos><c>pro</c><s>wh</s></pos><stem>what</stem></mw></mor></w>
    <w>have<mor type="mor"><mw><pos><c>v</c></pos><stem>have</stem></mw></mor></w>
    <w>I<mor type="mor"><mw><pos><c>pro</c><s>sub</s></pos><stem>I</stem></mw></mor></w>
    <w>done<mor type="mor"><mw><pos><c>part</c></pos><stem>do</stem><mk type="sfxf">PASTP</mk></mw></mor></w>
    <t type="q"><mor type="mor"><mt type="q"/></mor></t>

  </u>
  <u who="CHI" uID="u10">
    <w>when<mor type="mor"><mw><pos><c>conj</c></pos><stem>when</stem></mw></mor></w>
    <w>our<mor type="mor"><mw><pos><c>pro</c><s>poss</s><s>det</s></pos><stem>our</stem></mw></mor></w>
    <w>form<mor type="mor"><mw><pos><c>n</c></pos><stem>form</stem></mw></mor></w>
    <w>tutor<mor type="mor"><mw><pos><c>n</c></pos><stem>tutor</stem></mw></mor></w>
    <w>says<mor type="mor"><mw><pos><c>v</c></pos><stem>say</stem><mk type="sfx">3S</mk></mw></mor></w>
    <w>things<mor type="mor"><mw><pos><c>n</c></pos><stem>thing</stem><mk type="sfx">PL</mk></mw></mor></w>
    <w>like<mor type="mor"><mw><pos><c>prep</c></pos><stem>like</stem></mw></mor></w>
    <t type="quotation next line"><mor type="mor"><mt type="quotation next line"/></mor></t>

  </u>
  <u who="CHI" uID="u11">
    <linker type="quoted utterance next"/>
    <w>oh<mor type="mor"><mw><pos><c>co</c></pos><stem>oh</stem></mw></mor></w>
    <w>that<mor type="mor"><mw><pos><c>rel</c></pos><stem>that</stem></mw></mor></w>
    <w>was<mor type="mor"><mw><pos><c>cop</c></pos><stem>be</stem><mk type="sfxf">PAST</mk><mk type="sfxf">13S</mk></mw></mor></w>
    <w>poor<mor type="mor"><mw><pos><c>adj</c></pos><stem>poor</stem></mw></mor></w>
    <w>behavior<mor type="mor"><mw><pos><c>n</c></pos><stem>behavior</stem></mw></mor></w>
    <t type="p"><mor type="mor"><mt type="p"/></mor></t>

  </u>
  <u who="CHI" uID="u12">
    <w>so<mor type="mor"><mw><pos><c>adv</c></pos><stem>so</stem></mw></mor></w>
    <w>he's<mor type="mor"><mw><pos><c>pro</c><s>sub</s></pos><stem>he</stem></mw><mor-post><mw><pos><c>cop</c></pos><stem>be</stem><mk type="sfxf">3S</mk></mw></mor-post></mor></w>
    <w>always<mor type="mor"><mw><pos><c>adv</c></pos><stem>always</stem></mw></mor></w>
    <w>like<mor type="mor"><mw><pos><c>co</c></pos><stem>like</stem></mw></mor></w>
    <t type="quotation next line"><mor type="mor"><mt type="quotation next line"/></mor></t>

  </u>
  <u who="CHI" uID="u13">
    <linker type="quoted utterance next"/>
    <w>what've<mor type="mor"><mw><pos><c>pro</c><s>wh</s></pos><stem>what</stem></mw><mor-post><mw><pos><c>aux</c></pos><stem>have</stem></mw></mor-post></mor></w>
    <w>I<mor type="mor"><mw><pos><c>pro</c><s>sub</s></pos><stem>I</stem></mw></mor></w>
    <w>done<mor type="mor"><mw><pos><c>part</c></pos><stem>do</stem><mk type="sfxf">PASTP</mk></mw></mor></w>
    <t type="q"><mor type="mor"><mt type="q"/></mor></t>

  </u>
  <u who="CHI" uID="u14">
    <w>when<mor type="mor"><mw><pos><c>conj</c></pos><stem>when</stem></mw></mor></w>
    <w>he<mor type="mor"><mw><pos><c>pro</c><s>sub</s></pos><stem>he</stem></mw></mor></w>
    <w>knows<mor type="mor"><mw><pos><c>v</c></pos><stem>know</stem><mk type="sfx">3S</mk></mw></mor></w>
    <w>that<mor type="mor"><mw><pos><c>rel</c></pos><stem>that</stem></mw></mor></w>
    <w>he's<mor type="mor"><mw><pos><c>pro</c><s>sub</s></pos><stem>he</stem></mw><mor-post><mw><pos><c>aux</c></pos><stem>be</stem><mk type="sfxf">3S</mk></mw></mor-post></mor></w>
    <w>done<mor type="mor"><mw><pos><c>part</c></pos><stem>do</stem><mk type="sfxf">PASTP</mk></mw></mor></w>
    <w>it<mor type="mor"><mw><pos><c>pro</c></pos><stem>it</stem></mw></mor></w>
    <t type="p"><mor type="mor"><mt type="p"/></mor></t>

  </u>
  <u who="CHI" uID="u15">
    <w>an<shortening>d</shortening><mor type="mor"><mw><pos><c>coord</c></pos><stem>and</stem></mw></mor></w>
    <w>then<mor type="mor"><mw><pos><c>adv</c><s>tem</s></pos><stem>then</stem></mw></mor></w>
    <w>our<mor type="mor"><mw><pos><c>pro</c><s>poss</s><s>det</s></pos><stem>our</stem></mw></mor></w>
    <w>form<mor type="mor"><mw><pos><c>n</c></pos><stem>form</stem></mw></mor></w>
    <w>tutor<mor type="mor"><mw><pos><c>n</c></pos><stem>tutor</stem></mw></mor></w>
    <w>just<mor type="mor"><mw><pos><c>adv</c></pos><stem>just</stem></mw></mor></w>
    <w>gets<mor type="mor"><mw><pos><c>v</c></pos><stem>get</stem><mk type="sfx">3S</mk></mw></mor></w>
    <g><w>angry</w><k type="retracing"/></g>
    <w>angry<mor type="mor"><mw><pos><c>adj</c></pos><stem>angry</stem></mw></mor></w>
    <w>an<shortening>d</shortening><mor type="mor"><mw><pos><c>coord</c></pos><stem>and</stem></mw></mor></w>
    <w>shouts<mor type="mor"><mw><pos><c>v</c></pos><stem>shout</stem><mk type="sfx">3S</mk></mw></mor></w>
    <w>at<mor type="mor"><mw><pos><c>prep</c></pos><stem>at</stem></mw></mor></w>
    <w>us<mor type="mor"><mw><pos><c>pro</c><s>obj</s></pos><stem>us</stem></mw></mor></w>
    <w>all<mor type="mor"><mw><pos><c>post</c></pos><stem>all</stem></mw></mor></w>
    <w>and<mor type="mor"><mw><pos><c>coord</c></pos><stem>and</stem></mw></mor></w>
    <w>then<mor type="mor"><mw><pos><c>adv</c><s>tem</s></pos><stem>then</stem></mw></mor></w>
    <w>moans<mor type="mor"><mw><pos><c>v</c></pos><stem>moan</stem><mk type="sfx">3S</mk></mw></mor></w>
    <w>at<mor type="mor"><mw><pos><c>prep</c></pos><stem>at</stem></mw></mor></w>
    <w>us<mor type="mor"><mw><pos><c>pro</c><s>obj</s></pos><stem>us</stem></mw></mor></w>
    <w>all<mor type="mor"><mw><pos><c>post</c></pos><stem>all</stem></mw></mor></w>
    <w>and<mor type="mor"><mw><pos><c>coord</c></pos><stem>and</stem></mw></mor></w>
    <w>like<mor type="mor"><mw><pos><c>co</c></pos><stem>like</stem></mw></mor></w>
    <t type="quotation next line"><mor type="mor"><mt type="quotation next line"/></mor></t>

  </u>
  <u who="CHI" uID="u16">
    <linker type="quoted utterance next"/>
    <w>oh<mor type="mor"><mw><pos><c>co</c></pos><stem>oh</stem></mw></mor></w>
    <w>come<mor type="mor"><mw><pos><c>v</c></pos><stem>come</stem></mw></mor></w>
    <w>back<mor type="mor"><mw><pos><c>adv</c></pos><stem>back</stem></mw></mor></w>
    <w>at<mor type="mor"><mw><pos><c>prep</c></pos><stem>at</stem></mw></mor></w>
    <w>break<mor type="mor"><mw><pos><c>v</c></pos><stem>break</stem></mw></mor></w>
    <w>time<mor type="mor"><mw><pos><c>n</c></pos><stem>time</stem></mw></mor></w>
    <t type="e"><mor type="mor"><mt type="e"/></mor></t>

  </u>
  <u who="CHI" uID="u17">
    <w>and<mor type="mor"><mw><pos><c>coord</c></pos><stem>and</stem></mw></mor></w>
    <w>stuff<mor type="mor"><mw><pos><c>n</c></pos><stem>stuff</stem></mw></mor></w>
    <w>like<mor type="mor"><mw><pos><c>prep</c></pos><stem>like</stem></mw></mor></w>
    <w>that<mor type="mor"><mw><pos><c>pro</c><s>dem</s></pos><stem>that</stem></mw></mor></w>
    <t type="p"><mor type="mor"><mt type="p"/></mor></t>

  </u>
  <u who="INV" uID="u18">
    <w type="fragment" untranscribed="untranscribed">www</w>
    <t type="p"></t>

    <a type="explanation">investigator talks as disc is turned off .</a>
  </u>
</CHAT>